kommun,Relation,Year,Median Rent (SEK),Map Label
Upplands Väsby,397187,2016,0.0,Missing Data
Vallentuna,959462,2016,88.0,Median Cost: 88 SEK
Österåker,398037,2016,92.0,Median Cost: 92 SEK
Värmdö,398649,2016,88.0,Median Cost: 88 SEK
Järfälla,398022,2016,86.0,Median Cost: 86 SEK
Ekerö,398920,2016,93.0,Median Cost: 93 SEK
Huddinge,398567,2016,86.0,Median Cost: 86 SEK
Botkyrka,398626,2016,79.0,Median Cost: 79 SEK
Salem,398918,2016,0.0,Missing Data
Haninge,398625,2016,0.0,Missing Data
Tyresö,398575,2016,90.0,Median Cost: 90 SEK
Upplands-Bro,369474,2016,87.0,Median Cost: 87 SEK
Nykvarn,935473,2016,96.0,Median Cost: 96 SEK
Täby,397194,2016,0.0,Missing Data
Danderyd,398034,2016,0.0,Missing Data
Sollentuna,398023,2016,99.0,Median Cost: 99 SEK
Stockholm,398021,2016,103.0,Median Cost: 103 SEK
Södertälje,398919,2016,88.0,Median Cost: 88 SEK
Nacka,398038,2016,103.0,Median Cost: 103 SEK
Sundbyberg,398039,2016,95.0,Median Cost: 95 SEK
Solna,398040,2016,105.0,Median Cost: 105 SEK
Lidingö,398035,2016,93.0,Median Cost: 93 SEK
Vaxholm,398036,2016,107.0,Median Cost: 107 SEK
Norrtälje,397159,2016,100.0,Median Cost: 100 SEK
Sigtuna,397127,2016,89.0,Median Cost: 89 SEK
Nynäshamn,398627,2016,91.0,Median Cost: 91 SEK
Håbo,308558,2016,92.0,Median Cost: 92 SEK
Älvkarleby,289344,2016,81.0,Median Cost: 81 SEK
Knivsta,397128,2016,87.0,Median Cost: 87 SEK
Heby,305452,2016,79.0,Median Cost: 79 SEK
Tierp,305453,2016,86.0,Median Cost: 86 SEK
Uppsala,305455,2016,93.0,Median Cost: 93 SEK
Enköping,308557,2016,88.0,Median Cost: 88 SEK
Östhammar,398892,2016,82.0,Median Cost: 82 SEK
Vingåker,935676,2016,81.0,Median Cost: 81 SEK
Gnesta,935602,2016,84.0,Median Cost: 84 SEK
Nyköping,935516,2016,81.0,Median Cost: 81 SEK
Oxelösund,935524,2016,79.0,Median Cost: 79 SEK
Flen,935683,2016,73.0,Median Cost: 73 SEK
Katrineholm,935400,2016,81.0,Median Cost: 81 SEK
Eskilstuna,935569,2016,80.0,Median Cost: 80 SEK
Strängnäs,398917,2016,85.0,Median Cost: 85 SEK
Trosa,935460,2016,0.0,Missing Data
Ödeshög,935434,2016,68.0,Median Cost: 68 SEK
Ydre,935618,2016,73.0,Median Cost: 73 SEK
Kinda,935596,2016,74.0,Median Cost: 74 SEK
Boxholm,935594,2016,66.0,Median Cost: 66 SEK
Åtvidaberg,935464,2016,74.0,Median Cost: 74 SEK
Finspång,935444,2016,77.0,Median Cost: 77 SEK
Valdemarsvik,935443,2016,75.0,Median Cost: 75 SEK
Linköping,935467,2016,90.0,Median Cost: 90 SEK
Norrköping,935447,2016,88.0,Median Cost: 88 SEK
Söderköping,935556,2016,79.0,Median Cost: 79 SEK
Motala,935668,2016,75.0,Median Cost: 75 SEK
Vadstena,935553,2016,0.0,Missing Data
Mjölby,935507,2016,77.0,Median Cost: 77 SEK
Aneby,935684,2016,0.0,Missing Data
Gnosjö,935543,2016,75.0,Median Cost: 75 SEK
Mullsjö,935634,2016,72.0,Median Cost: 72 SEK
Habo,935405,2016,80.0,Median Cost: 80 SEK
Gislaved,935604,2016,0.0,Missing Data
Vaggeryd,935581,2016,79.0,Median Cost: 79 SEK
Jönköping,935495,2016,77.0,Median Cost: 77 SEK
Nässjö,935670,2016,76.0,Median Cost: 76 SEK
Värnamo,935439,2016,77.0,Median Cost: 77 SEK
Sävsjö,935481,2016,71.0,Median Cost: 71 SEK
Vetlanda,935454,2016,75.0,Median Cost: 75 SEK
Eksjö,935636,2016,74.0,Median Cost: 74 SEK
Tranås,935570,2016,74.0,Median Cost: 74 SEK
Uppvidinge,935488,2016,70.0,Median Cost: 70 SEK
Lessebo,935521,2016,74.0,Median Cost: 74 SEK
Tingsryd,935578,2016,72.0,Median Cost: 72 SEK
Alvesta,935435,2016,74.0,Median Cost: 74 SEK
Älmhult,935538,2016,73.0,Median Cost: 73 SEK
Markaryd,935621,2016,74.0,Median Cost: 74 SEK
Växjö,935654,2016,78.0,Median Cost: 78 SEK
Ljungby,935542,2016,72.0,Median Cost: 72 SEK
Högsby,935487,2016,72.0,Median Cost: 72 SEK
Torsås,935512,2016,74.0,Median Cost: 74 SEK
Mörbylånga,935518,2016,84.0,Median Cost: 84 SEK
Hultsfred,935677,2016,66.0,Median Cost: 66 SEK
Mönsterås,935575,2016,77.0,Median Cost: 77 SEK
Emmaboda,935598,2016,66.0,Median Cost: 66 SEK
Kalmar,935466,2016,85.0,Median Cost: 85 SEK
Nybro,935475,2016,63.0,Median Cost: 63 SEK
Oskarshamn,935653,2016,78.0,Median Cost: 78 SEK
Västervik,935408,2016,71.0,Median Cost: 71 SEK
Vimmerby,935546,2016,73.0,Median Cost: 73 SEK
Borgholm,935406,2016,79.0,Median Cost: 79 SEK
Gotland,1125739,2016,85.0,Median Cost: 85 SEK
Olofström,935603,2016,70.0,Median Cost: 70 SEK
Karlskrona,935548,2016,87.0,Median Cost: 87 SEK
Ronneby,935527,2016,75.0,Median Cost: 75 SEK
Karlshamn,935522,2016,80.0,Median Cost: 80 SEK
Sölvesborg,935608,2016,0.0,Missing Data
Svalöv,935403,2016,81.0,Median Cost: 81 SEK
Staffanstorp,935502,2016,0.0,Missing Data
Burlöv,935642,2016,82.0,Median Cost: 82 SEK
Vellinge,935451,2016,87.0,Median Cost: 87 SEK
Östra Göinge,935535,2016,73.0,Median Cost: 73 SEK
Örkelljunga,935449,2016,75.0,Median Cost: 75 SEK
Bjuv,935478,2016,81.0,Median Cost: 81 SEK
Kävlinge,935625,2016,79.0,Median Cost: 79 SEK
Lomma,935410,2016,0.0,Missing Data
Svedala,935510,2016,79.0,Median Cost: 79 SEK
Skurup,935437,2016,82.0,Median Cost: 82 SEK
Sjöbo,935525,2016,80.0,Median Cost: 80 SEK
Hörby,935623,2016,85.0,Median Cost: 85 SEK
Höör,935450,2016,82.0,Median Cost: 82 SEK
Tomelilla,935671,2016,78.0,Median Cost: 78 SEK
Bromölla,935659,2016,67.0,Median Cost: 67 SEK
Osby,935492,2016,75.0,Median Cost: 75 SEK
Perstorp,935530,2016,72.0,Median Cost: 72 SEK
Klippan,935658,2016,78.0,Median Cost: 78 SEK
Åstorp,935517,2016,79.0,Median Cost: 79 SEK
Båstad,935399,2016,0.0,Missing Data
Malmö,935416,2016,96.0,Median Cost: 96 SEK
Lund,935666,2016,91.0,Median Cost: 91 SEK
Landskrona,935414,2016,87.0,Median Cost: 87 SEK
Helsingborg,935560,2016,89.0,Median Cost: 89 SEK
Höganäs,935552,2016,86.0,Median Cost: 86 SEK
Eslöv,935571,2016,89.0,Median Cost: 89 SEK
Ystad,935599,2016,0.0,Missing Data
Trelleborg,935531,2016,79.0,Median Cost: 79 SEK
Kristianstad,935448,2016,81.0,Median Cost: 81 SEK
Simrishamn,935529,2016,84.0,Median Cost: 84 SEK
Ängelholm,935679,2016,83.0,Median Cost: 83 SEK
Hässleholm,935519,2016,70.0,Median Cost: 70 SEK
Hylte,935407,2016,79.0,Median Cost: 79 SEK
Halmstad,935442,2016,87.0,Median Cost: 87 SEK
Laholm,935662,2016,82.0,Median Cost: 82 SEK
Falkenberg,935411,2016,80.0,Median Cost: 80 SEK
Varberg,935585,2016,77.0,Median Cost: 77 SEK
Kungsbacka,935626,2016,88.0,Median Cost: 88 SEK
Härryda,935649,2016,83.0,Median Cost: 83 SEK
Partille,935656,2016,79.0,Median Cost: 79 SEK
Öckerö,1120170,2016,79.0,Median Cost: 79 SEK
Stenungsund,935503,2016,90.0,Median Cost: 90 SEK
Tjörn,1120171,2016,88.0,Median Cost: 88 SEK
Orust,935532,2016,82.0,Median Cost: 82 SEK
Sotenäs,935430,2016,85.0,Median Cost: 85 SEK
Munkedal,935678,2016,77.0,Median Cost: 77 SEK
Tanum,935640,2016,89.0,Median Cost: 89 SEK
Dals-Ed,935404,2016,78.0,Median Cost: 78 SEK
Färgelanda,935431,2016,74.0,Median Cost: 74 SEK
Ale,935506,2016,81.0,Median Cost: 81 SEK
Lerum,935550,2016,87.0,Median Cost: 87 SEK
Vårgårda,935441,2016,74.0,Median Cost: 74 SEK
Bollebygd,935565,2016,96.0,Median Cost: 96 SEK
Grästorp,935415,2016,67.0,Median Cost: 67 SEK
Essunga,935417,2016,71.0,Median Cost: 71 SEK
Karlsborg,935617,2016,74.0,Median Cost: 74 SEK
Gullspång,935470,2016,0.0,Missing Data
Tranemo,935584,2016,73.0,Median Cost: 73 SEK
Bengtsfors,935491,2016,72.0,Median Cost: 72 SEK
Mellerud,935622,2016,66.0,Median Cost: 66 SEK
Lilla Edet,935526,2016,80.0,Median Cost: 80 SEK
Mark,935639,2016,80.0,Median Cost: 80 SEK
Svenljunga,935586,2016,75.0,Median Cost: 75 SEK
Herrljunga,935533,2016,68.0,Median Cost: 68 SEK
Vara,935476,2016,71.0,Median Cost: 71 SEK
Götene,935419,2016,74.0,Median Cost: 74 SEK
Tibro,935650,2016,64.0,Median Cost: 64 SEK
Töreboda,935637,2016,0.0,Missing Data
Göteborg,935611,2016,92.0,Median Cost: 92 SEK
Mölndal,935463,2016,89.0,Median Cost: 89 SEK
Kungälv,935505,2016,82.0,Median Cost: 82 SEK
Lysekil,935549,2016,81.0,Median Cost: 81 SEK
Uddevalla,935644,2016,79.0,Median Cost: 79 SEK
Strömstad,935489,2016,80.0,Median Cost: 80 SEK
Vänersborg,935453,2016,80.0,Median Cost: 80 SEK
Trollhättan,935609,2016,80.0,Median Cost: 80 SEK
Alingsås,935547,2016,80.0,Median Cost: 80 SEK
Borås,935544,2016,83.0,Median Cost: 83 SEK
Ulricehamn,935554,2016,74.0,Median Cost: 74 SEK
Åmål,935601,2016,81.0,Median Cost: 81 SEK
Mariestad,935422,2016,74.0,Median Cost: 74 SEK
Lidköping,935469,2016,74.0,Median Cost: 74 SEK
Skara,935508,2016,0.0,Missing Data
Skövde,935485,2016,79.0,Median Cost: 79 SEK
Hjo,935672,2016,70.0,Median Cost: 70 SEK
Tidaholm,935567,2016,0.0,Missing Data
Falköping,935600,2016,71.0,Median Cost: 71 SEK
Kil,935606,2016,84.0,Median Cost: 84 SEK
Eda,935657,2016,75.0,Median Cost: 75 SEK
Torsby,935682,2016,75.0,Median Cost: 75 SEK
Storfors,935493,2016,72.0,Median Cost: 72 SEK
Hammarö,1076755,2016,83.0,Median Cost: 83 SEK
Munkfors,935501,2016,67.0,Median Cost: 67 SEK
Forshaga,935539,2016,74.0,Median Cost: 74 SEK
Grums,935612,2016,80.0,Median Cost: 80 SEK
Årjäng,935665,2016,73.0,Median Cost: 73 SEK
Sunne,935627,2016,0.0,Missing Data
Karlstad,935514,2016,85.0,Median Cost: 85 SEK
Kristinehamn,935461,2016,72.0,Median Cost: 72 SEK
Filipstad,935619,2016,76.0,Median Cost: 76 SEK
Hagfors,935638,2016,75.0,Median Cost: 75 SEK
Arvika,935465,2016,82.0,Median Cost: 82 SEK
Säffle,935597,2016,70.0,Median Cost: 70 SEK
Lekeberg,935673,2016,74.0,Median Cost: 74 SEK
Laxå,935605,2016,0.0,Missing Data
Hallsberg,935572,2016,78.0,Median Cost: 78 SEK
Degerfors,935498,2016,73.0,Median Cost: 73 SEK
Hällefors,935486,2016,84.0,Median Cost: 84 SEK
Ljusnarsberg,935563,2016,0.0,Missing Data
Örebro,935628,2016,83.0,Median Cost: 83 SEK
Kumla,935494,2016,77.0,Median Cost: 77 SEK
Askersund,935513,2016,75.0,Median Cost: 75 SEK
Karlskoga,935520,2016,0.0,Missing Data
Nora,935472,2016,78.0,Median Cost: 78 SEK
Lindesberg,935557,2016,76.0,Median Cost: 76 SEK
Skinnskatteberg,935423,2016,72.0,Median Cost: 72 SEK
Surahammar,935426,2016,0.0,Missing Data
Kungsör,935537,2016,78.0,Median Cost: 78 SEK
Hallstahammar,935590,2016,80.0,Median Cost: 80 SEK
Norberg,307885,2016,0.0,Missing Data
Västerås,935588,2016,88.0,Median Cost: 88 SEK
Sala,369508,2016,76.0,Median Cost: 76 SEK
Fagersta,935504,2016,0.0,Missing Data
Köping,935409,2016,83.0,Median Cost: 83 SEK
Arboga,935652,2016,77.0,Median Cost: 77 SEK
Vansbro,57891,2016,70.0,Median Cost: 70 SEK
Malung-Sälen,935398,2016,77.0,Median Cost: 77 SEK
Gagnef,307849,2016,75.0,Median Cost: 75 SEK
Leksand,307848,2016,81.0,Median Cost: 81 SEK
Rättvik,300964,2016,0.0,Missing Data
Orsa,290048,2016,76.0,Median Cost: 76 SEK
Älvdalen,935540,2016,76.0,Median Cost: 76 SEK
Smedjebacken,307884,2016,73.0,Median Cost: 73 SEK
Mora,304100,2016,0.0,Missing Data
Falun,300963,2016,83.0,Median Cost: 83 SEK
Borlänge,307850,2016,79.0,Median Cost: 79 SEK
Säter,300938,2016,75.0,Median Cost: 75 SEK
Hedemora,300939,2016,82.0,Median Cost: 82 SEK
Avesta,312618,2016,73.0,Median Cost: 73 SEK
Ludvika,57886,2016,78.0,Median Cost: 78 SEK
Ockelbo,278632,2016,79.0,Median Cost: 79 SEK
Hofors,289354,2016,82.0,Median Cost: 82 SEK
Ovanåker,368254,2016,71.0,Median Cost: 71 SEK
Nordanstig,935645,2016,76.0,Median Cost: 76 SEK
Ljusdal,935592,2016,80.0,Median Cost: 80 SEK
Gävle,278620,2016,79.0,Median Cost: 79 SEK
Sandviken,278633,2016,82.0,Median Cost: 82 SEK
Söderhamn,296292,2016,85.0,Median Cost: 85 SEK
Bollnäs,296291,2016,73.0,Median Cost: 73 SEK
Hudiksvall,935648,2016,78.0,Median Cost: 78 SEK
Ånge,935477,2016,70.0,Median Cost: 70 SEK
Timrå,935568,2016,82.0,Median Cost: 82 SEK
Härnösand,935418,2016,76.0,Median Cost: 76 SEK
Sundsvall,935497,2016,83.0,Median Cost: 83 SEK
Kramfors,935445,2016,72.0,Median Cost: 72 SEK
Sollefteå,935624,2016,77.0,Median Cost: 77 SEK
Örnsköldsvik,935455,2016,80.0,Median Cost: 80 SEK
Ragunda,935558,2016,69.0,Median Cost: 69 SEK
Bräcke,935457,2016,69.0,Median Cost: 69 SEK
Krokom,935615,2016,72.0,Median Cost: 72 SEK
Strömsund,935413,2016,71.0,Median Cost: 71 SEK
Åre,935429,2016,92.0,Median Cost: 92 SEK
Berg,935633,2016,71.0,Median Cost: 71 SEK
Härjedalen,935534,2016,79.0,Median Cost: 79 SEK
Östersund,935577,2016,75.0,Median Cost: 75 SEK
Nordmaling,935647,2016,68.0,Median Cost: 68 SEK
Bjurholm,935607,2016,64.0,Median Cost: 64 SEK
Vindeln,935402,2016,67.0,Median Cost: 67 SEK
Robertsfors,935681,2016,65.0,Median Cost: 65 SEK
Norsjö,935593,2016,63.0,Median Cost: 63 SEK
Malå,935500,2016,62.0,Median Cost: 62 SEK
Storuman,935479,2016,64.0,Median Cost: 64 SEK
Sorsele,935655,2016,66.0,Median Cost: 66 SEK
Dorotea,935438,2016,67.0,Median Cost: 67 SEK
Vännäs,935564,2016,68.0,Median Cost: 68 SEK
Vilhelmina,935528,2016,69.0,Median Cost: 69 SEK
Åsele,935432,2016,67.0,Median Cost: 67 SEK
Umeå,935646,2016,83.0,Median Cost: 83 SEK
Lycksele,935428,2016,73.0,Median Cost: 73 SEK
Skellefteå,935576,2016,80.0,Median Cost: 80 SEK
Arvidsjaur,935667,2016,75.0,Median Cost: 75 SEK
Arjeplog,935425,2016,80.0,Median Cost: 80 SEK
Jokkmokk,935630,2016,74.0,Median Cost: 74 SEK
Överkalix,935629,2016,66.0,Median Cost: 66 SEK
Kalix,935474,2016,71.0,Median Cost: 71 SEK
Övertorneå,935620,2016,0.0,Missing Data
Pajala,935573,2016,71.0,Median Cost: 71 SEK
Gällivare,935446,2016,73.0,Median Cost: 73 SEK
Älvsbyn,935574,2016,67.0,Median Cost: 67 SEK
Luleå,935482,2016,73.0,Median Cost: 73 SEK
Piteå,935490,2016,75.0,Median Cost: 75 SEK
Boden,935421,2016,74.0,Median Cost: 74 SEK
Haparanda,935579,2016,82.0,Median Cost: 82 SEK
Kiruna,935541,2016,78.0,Median Cost: 78 SEK
Upplands Väsby,397187,2017,101.0,Median Cost: 101 SEK
Vallentuna,959462,2017,86.0,Median Cost: 86 SEK
Österåker,398037,2017,95.0,Median Cost: 95 SEK
Värmdö,398649,2017,90.0,Median Cost: 90 SEK
Järfälla,398022,2017,89.0,Median Cost: 89 SEK
Ekerö,398920,2017,103.0,Median Cost: 103 SEK
Huddinge,398567,2017,89.0,Median Cost: 89 SEK
Botkyrka,398626,2017,0.0,Missing Data
Salem,398918,2017,0.0,Missing Data
Haninge,398625,2017,97.0,Median Cost: 97 SEK
Tyresö,398575,2017,0.0,Missing Data
Upplands-Bro,369474,2017,87.0,Median Cost: 87 SEK
Nykvarn,935473,2017,93.0,Median Cost: 93 SEK
Täby,397194,2017,0.0,Missing Data
Danderyd,398034,2017,92.0,Median Cost: 92 SEK
Sollentuna,398023,2017,101.0,Median Cost: 101 SEK
Stockholm,398021,2017,106.0,Median Cost: 106 SEK
Södertälje,398919,2017,91.0,Median Cost: 91 SEK
Nacka,398038,2017,104.0,Median Cost: 104 SEK
Sundbyberg,398039,2017,97.0,Median Cost: 97 SEK
Solna,398040,2017,107.0,Median Cost: 107 SEK
Lidingö,398035,2017,95.0,Median Cost: 95 SEK
Vaxholm,398036,2017,0.0,Missing Data
Norrtälje,397159,2017,105.0,Median Cost: 105 SEK
Sigtuna,397127,2017,97.0,Median Cost: 97 SEK
Nynäshamn,398627,2017,91.0,Median Cost: 91 SEK
Håbo,308558,2017,93.0,Median Cost: 93 SEK
Älvkarleby,289344,2017,83.0,Median Cost: 83 SEK
Knivsta,397128,2017,89.0,Median Cost: 89 SEK
Heby,305452,2017,79.0,Median Cost: 79 SEK
Tierp,305453,2017,0.0,Missing Data
Uppsala,305455,2017,95.0,Median Cost: 95 SEK
Enköping,308557,2017,91.0,Median Cost: 91 SEK
Östhammar,398892,2017,83.0,Median Cost: 83 SEK
Vingåker,935676,2017,0.0,Missing Data
Gnesta,935602,2017,86.0,Median Cost: 86 SEK
Nyköping,935516,2017,84.0,Median Cost: 84 SEK
Oxelösund,935524,2017,80.0,Median Cost: 80 SEK
Flen,935683,2017,76.0,Median Cost: 76 SEK
Katrineholm,935400,2017,81.0,Median Cost: 81 SEK
Eskilstuna,935569,2017,81.0,Median Cost: 81 SEK
Strängnäs,398917,2017,86.0,Median Cost: 86 SEK
Trosa,935460,2017,0.0,Missing Data
Ödeshög,935434,2017,71.0,Median Cost: 71 SEK
Ydre,935618,2017,75.0,Median Cost: 75 SEK
Kinda,935596,2017,76.0,Median Cost: 76 SEK
Boxholm,935594,2017,67.0,Median Cost: 67 SEK
Åtvidaberg,935464,2017,75.0,Median Cost: 75 SEK
Finspång,935444,2017,78.0,Median Cost: 78 SEK
Valdemarsvik,935443,2017,78.0,Median Cost: 78 SEK
Linköping,935467,2017,90.0,Median Cost: 90 SEK
Norrköping,935447,2017,90.0,Median Cost: 90 SEK
Söderköping,935556,2017,81.0,Median Cost: 81 SEK
Motala,935668,2017,75.0,Median Cost: 75 SEK
Vadstena,935553,2017,77.0,Median Cost: 77 SEK
Mjölby,935507,2017,77.0,Median Cost: 77 SEK
Aneby,935684,2017,0.0,Missing Data
Gnosjö,935543,2017,75.0,Median Cost: 75 SEK
Mullsjö,935634,2017,73.0,Median Cost: 73 SEK
Habo,935405,2017,80.0,Median Cost: 80 SEK
Gislaved,935604,2017,0.0,Missing Data
Vaggeryd,935581,2017,79.0,Median Cost: 79 SEK
Jönköping,935495,2017,80.0,Median Cost: 80 SEK
Nässjö,935670,2017,77.0,Median Cost: 77 SEK
Värnamo,935439,2017,78.0,Median Cost: 78 SEK
Sävsjö,935481,2017,74.0,Median Cost: 74 SEK
Vetlanda,935454,2017,76.0,Median Cost: 76 SEK
Eksjö,935636,2017,75.0,Median Cost: 75 SEK
Tranås,935570,2017,0.0,Missing Data
Uppvidinge,935488,2017,72.0,Median Cost: 72 SEK
Lessebo,935521,2017,76.0,Median Cost: 76 SEK
Tingsryd,935578,2017,73.0,Median Cost: 73 SEK
Alvesta,935435,2017,77.0,Median Cost: 77 SEK
Älmhult,935538,2017,72.0,Median Cost: 72 SEK
Markaryd,935621,2017,75.0,Median Cost: 75 SEK
Växjö,935654,2017,79.0,Median Cost: 79 SEK
Ljungby,935542,2017,73.0,Median Cost: 73 SEK
Högsby,935487,2017,70.0,Median Cost: 70 SEK
Torsås,935512,2017,80.0,Median Cost: 80 SEK
Mörbylånga,935518,2017,85.0,Median Cost: 85 SEK
Hultsfred,935677,2017,66.0,Median Cost: 66 SEK
Mönsterås,935575,2017,78.0,Median Cost: 78 SEK
Emmaboda,935598,2017,0.0,Missing Data
Kalmar,935466,2017,90.0,Median Cost: 90 SEK
Nybro,935475,2017,64.0,Median Cost: 64 SEK
Oskarshamn,935653,2017,80.0,Median Cost: 80 SEK
Västervik,935408,2017,71.0,Median Cost: 71 SEK
Vimmerby,935546,2017,73.0,Median Cost: 73 SEK
Borgholm,935406,2017,79.0,Median Cost: 79 SEK
Gotland,1125739,2017,87.0,Median Cost: 87 SEK
Olofström,935603,2017,68.0,Median Cost: 68 SEK
Karlskrona,935548,2017,94.0,Median Cost: 94 SEK
Ronneby,935527,2017,75.0,Median Cost: 75 SEK
Karlshamn,935522,2017,82.0,Median Cost: 82 SEK
Sölvesborg,935608,2017,68.0,Median Cost: 68 SEK
Svalöv,935403,2017,82.0,Median Cost: 82 SEK
Staffanstorp,935502,2017,98.0,Median Cost: 98 SEK
Burlöv,935642,2017,0.0,Missing Data
Vellinge,935451,2017,0.0,Missing Data
Östra Göinge,935535,2017,74.0,Median Cost: 74 SEK
Örkelljunga,935449,2017,75.0,Median Cost: 75 SEK
Bjuv,935478,2017,82.0,Median Cost: 82 SEK
Kävlinge,935625,2017,81.0,Median Cost: 81 SEK
Lomma,935410,2017,0.0,Missing Data
Svedala,935510,2017,78.0,Median Cost: 78 SEK
Skurup,935437,2017,0.0,Missing Data
Sjöbo,935525,2017,81.0,Median Cost: 81 SEK
Hörby,935623,2017,83.0,Median Cost: 83 SEK
Höör,935450,2017,0.0,Missing Data
Tomelilla,935671,2017,78.0,Median Cost: 78 SEK
Bromölla,935659,2017,68.0,Median Cost: 68 SEK
Osby,935492,2017,76.0,Median Cost: 76 SEK
Perstorp,935530,2017,0.0,Missing Data
Klippan,935658,2017,0.0,Missing Data
Åstorp,935517,2017,79.0,Median Cost: 79 SEK
Båstad,935399,2017,86.0,Median Cost: 86 SEK
Malmö,935416,2017,96.0,Median Cost: 96 SEK
Lund,935666,2017,91.0,Median Cost: 91 SEK
Landskrona,935414,2017,88.0,Median Cost: 88 SEK
Helsingborg,935560,2017,91.0,Median Cost: 91 SEK
Höganäs,935552,2017,87.0,Median Cost: 87 SEK
Eslöv,935571,2017,88.0,Median Cost: 88 SEK
Ystad,935599,2017,0.0,Missing Data
Trelleborg,935531,2017,81.0,Median Cost: 81 SEK
Kristianstad,935448,2017,82.0,Median Cost: 82 SEK
Simrishamn,935529,2017,0.0,Missing Data
Ängelholm,935679,2017,84.0,Median Cost: 84 SEK
Hässleholm,935519,2017,71.0,Median Cost: 71 SEK
Hylte,935407,2017,79.0,Median Cost: 79 SEK
Halmstad,935442,2017,87.0,Median Cost: 87 SEK
Laholm,935662,2017,82.0,Median Cost: 82 SEK
Falkenberg,935411,2017,84.0,Median Cost: 84 SEK
Varberg,935585,2017,77.0,Median Cost: 77 SEK
Kungsbacka,935626,2017,89.0,Median Cost: 89 SEK
Härryda,935649,2017,0.0,Missing Data
Partille,935656,2017,0.0,Missing Data
Öckerö,1120170,2017,88.0,Median Cost: 88 SEK
Stenungsund,935503,2017,91.0,Median Cost: 91 SEK
Tjörn,1120171,2017,90.0,Median Cost: 90 SEK
Orust,935532,2017,84.0,Median Cost: 84 SEK
Sotenäs,935430,2017,83.0,Median Cost: 83 SEK
Munkedal,935678,2017,79.0,Median Cost: 79 SEK
Tanum,935640,2017,88.0,Median Cost: 88 SEK
Dals-Ed,935404,2017,77.0,Median Cost: 77 SEK
Färgelanda,935431,2017,0.0,Missing Data
Ale,935506,2017,0.0,Missing Data
Lerum,935550,2017,0.0,Missing Data
Vårgårda,935441,2017,74.0,Median Cost: 74 SEK
Bollebygd,935565,2017,98.0,Median Cost: 98 SEK
Grästorp,935415,2017,67.0,Median Cost: 67 SEK
Essunga,935417,2017,73.0,Median Cost: 73 SEK
Karlsborg,935617,2017,75.0,Median Cost: 75 SEK
Gullspång,935470,2017,0.0,Missing Data
Tranemo,935584,2017,73.0,Median Cost: 73 SEK
Bengtsfors,935491,2017,72.0,Median Cost: 72 SEK
Mellerud,935622,2017,69.0,Median Cost: 69 SEK
Lilla Edet,935526,2017,81.0,Median Cost: 81 SEK
Mark,935639,2017,81.0,Median Cost: 81 SEK
Svenljunga,935586,2017,76.0,Median Cost: 76 SEK
Herrljunga,935533,2017,68.0,Median Cost: 68 SEK
Vara,935476,2017,70.0,Median Cost: 70 SEK
Götene,935419,2017,75.0,Median Cost: 75 SEK
Tibro,935650,2017,0.0,Missing Data
Töreboda,935637,2017,69.0,Median Cost: 69 SEK
Göteborg,935611,2017,93.0,Median Cost: 93 SEK
Mölndal,935463,2017,95.0,Median Cost: 95 SEK
Kungälv,935505,2017,85.0,Median Cost: 85 SEK
Lysekil,935549,2017,80.0,Median Cost: 80 SEK
Uddevalla,935644,2017,80.0,Median Cost: 80 SEK
Strömstad,935489,2017,80.0,Median Cost: 80 SEK
Vänersborg,935453,2017,81.0,Median Cost: 81 SEK
Trollhättan,935609,2017,81.0,Median Cost: 81 SEK
Alingsås,935547,2017,82.0,Median Cost: 82 SEK
Borås,935544,2017,85.0,Median Cost: 85 SEK
Ulricehamn,935554,2017,79.0,Median Cost: 79 SEK
Åmål,935601,2017,82.0,Median Cost: 82 SEK
Mariestad,935422,2017,74.0,Median Cost: 74 SEK
Lidköping,935469,2017,74.0,Median Cost: 74 SEK
Skara,935508,2017,0.0,Missing Data
Skövde,935485,2017,81.0,Median Cost: 81 SEK
Hjo,935672,2017,71.0,Median Cost: 71 SEK
Tidaholm,935567,2017,0.0,Missing Data
Falköping,935600,2017,75.0,Median Cost: 75 SEK
Kil,935606,2017,89.0,Median Cost: 89 SEK
Eda,935657,2017,75.0,Median Cost: 75 SEK
Torsby,935682,2017,76.0,Median Cost: 76 SEK
Storfors,935493,2017,73.0,Median Cost: 73 SEK
Hammarö,1076755,2017,83.0,Median Cost: 83 SEK
Munkfors,935501,2017,68.0,Median Cost: 68 SEK
Forshaga,935539,2017,0.0,Missing Data
Grums,935612,2017,80.0,Median Cost: 80 SEK
Årjäng,935665,2017,0.0,Missing Data
Sunne,935627,2017,0.0,Missing Data
Karlstad,935514,2017,86.0,Median Cost: 86 SEK
Kristinehamn,935461,2017,72.0,Median Cost: 72 SEK
Filipstad,935619,2017,77.0,Median Cost: 77 SEK
Hagfors,935638,2017,76.0,Median Cost: 76 SEK
Arvika,935465,2017,83.0,Median Cost: 83 SEK
Säffle,935597,2017,72.0,Median Cost: 72 SEK
Lekeberg,935673,2017,76.0,Median Cost: 76 SEK
Laxå,935605,2017,0.0,Missing Data
Hallsberg,935572,2017,78.0,Median Cost: 78 SEK
Degerfors,935498,2017,75.0,Median Cost: 75 SEK
Hällefors,935486,2017,83.0,Median Cost: 83 SEK
Ljusnarsberg,935563,2017,75.0,Median Cost: 75 SEK
Örebro,935628,2017,85.0,Median Cost: 85 SEK
Kumla,935494,2017,77.0,Median Cost: 77 SEK
Askersund,935513,2017,73.0,Median Cost: 73 SEK
Karlskoga,935520,2017,86.0,Median Cost: 86 SEK
Nora,935472,2017,79.0,Median Cost: 79 SEK
Lindesberg,935557,2017,79.0,Median Cost: 79 SEK
Skinnskatteberg,935423,2017,0.0,Missing Data
Surahammar,935426,2017,0.0,Missing Data
Kungsör,935537,2017,79.0,Median Cost: 79 SEK
Hallstahammar,935590,2017,80.0,Median Cost: 80 SEK
Norberg,307885,2017,73.0,Median Cost: 73 SEK
Västerås,935588,2017,90.0,Median Cost: 90 SEK
Sala,369508,2017,0.0,Missing Data
Fagersta,935504,2017,0.0,Missing Data
Köping,935409,2017,81.0,Median Cost: 81 SEK
Arboga,935652,2017,0.0,Missing Data
Vansbro,57891,2017,0.0,Missing Data
Malung-Sälen,935398,2017,78.0,Median Cost: 78 SEK
Gagnef,307849,2017,75.0,Median Cost: 75 SEK
Leksand,307848,2017,81.0,Median Cost: 81 SEK
Rättvik,300964,2017,72.0,Median Cost: 72 SEK
Orsa,290048,2017,71.0,Median Cost: 71 SEK
Älvdalen,935540,2017,76.0,Median Cost: 76 SEK
Smedjebacken,307884,2017,73.0,Median Cost: 73 SEK
Mora,304100,2017,0.0,Missing Data
Falun,300963,2017,84.0,Median Cost: 84 SEK
Borlänge,307850,2017,81.0,Median Cost: 81 SEK
Säter,300938,2017,75.0,Median Cost: 75 SEK
Hedemora,300939,2017,86.0,Median Cost: 86 SEK
Avesta,312618,2017,0.0,Missing Data
Ludvika,57886,2017,82.0,Median Cost: 82 SEK
Ockelbo,278632,2017,80.0,Median Cost: 80 SEK
Hofors,289354,2017,82.0,Median Cost: 82 SEK
Ovanåker,368254,2017,72.0,Median Cost: 72 SEK
Nordanstig,935645,2017,77.0,Median Cost: 77 SEK
Ljusdal,935592,2017,78.0,Median Cost: 78 SEK
Gävle,278620,2017,80.0,Median Cost: 80 SEK
Sandviken,278633,2017,83.0,Median Cost: 83 SEK
Söderhamn,296292,2017,87.0,Median Cost: 87 SEK
Bollnäs,296291,2017,75.0,Median Cost: 75 SEK
Hudiksvall,935648,2017,82.0,Median Cost: 82 SEK
Ånge,935477,2017,71.0,Median Cost: 71 SEK
Timrå,935568,2017,83.0,Median Cost: 83 SEK
Härnösand,935418,2017,76.0,Median Cost: 76 SEK
Sundsvall,935497,2017,83.0,Median Cost: 83 SEK
Kramfors,935445,2017,74.0,Median Cost: 74 SEK
Sollefteå,935624,2017,77.0,Median Cost: 77 SEK
Örnsköldsvik,935455,2017,81.0,Median Cost: 81 SEK
Ragunda,935558,2017,0.0,Missing Data
Bräcke,935457,2017,70.0,Median Cost: 70 SEK
Krokom,935615,2017,0.0,Missing Data
Strömsund,935413,2017,71.0,Median Cost: 71 SEK
Åre,935429,2017,92.0,Median Cost: 92 SEK
Berg,935633,2017,74.0,Median Cost: 74 SEK
Härjedalen,935534,2017,0.0,Missing Data
Östersund,935577,2017,82.0,Median Cost: 82 SEK
Nordmaling,935647,2017,0.0,Missing Data
Bjurholm,935607,2017,62.0,Median Cost: 62 SEK
Vindeln,935402,2017,68.0,Median Cost: 68 SEK
Robertsfors,935681,2017,67.0,Median Cost: 67 SEK
Norsjö,935593,2017,64.0,Median Cost: 64 SEK
Malå,935500,2017,63.0,Median Cost: 63 SEK
Storuman,935479,2017,70.0,Median Cost: 70 SEK
Sorsele,935655,2017,0.0,Missing Data
Dorotea,935438,2017,71.0,Median Cost: 71 SEK
Vännäs,935564,2017,0.0,Missing Data
Vilhelmina,935528,2017,69.0,Median Cost: 69 SEK
Åsele,935432,2017,67.0,Median Cost: 67 SEK
Umeå,935646,2017,84.0,Median Cost: 84 SEK
Lycksele,935428,2017,74.0,Median Cost: 74 SEK
Skellefteå,935576,2017,79.0,Median Cost: 79 SEK
Arvidsjaur,935667,2017,76.0,Median Cost: 76 SEK
Arjeplog,935425,2017,81.0,Median Cost: 81 SEK
Jokkmokk,935630,2017,74.0,Median Cost: 74 SEK
Överkalix,935629,2017,67.0,Median Cost: 67 SEK
Kalix,935474,2017,72.0,Median Cost: 72 SEK
Övertorneå,935620,2017,72.0,Median Cost: 72 SEK
Pajala,935573,2017,72.0,Median Cost: 72 SEK
Gällivare,935446,2017,75.0,Median Cost: 75 SEK
Älvsbyn,935574,2017,67.0,Median Cost: 67 SEK
Luleå,935482,2017,77.0,Median Cost: 77 SEK
Piteå,935490,2017,76.0,Median Cost: 76 SEK
Boden,935421,2017,74.0,Median Cost: 74 SEK
Haparanda,935579,2017,80.0,Median Cost: 80 SEK
Kiruna,935541,2017,0.0,Missing Data
Upplands Väsby,397187,2018,98.0,Median Cost: 98 SEK
Vallentuna,959462,2018,88.0,Median Cost: 88 SEK
Österåker,398037,2018,96.0,Median Cost: 96 SEK
Värmdö,398649,2018,93.0,Median Cost: 93 SEK
Järfälla,398022,2018,90.0,Median Cost: 90 SEK
Ekerö,398920,2018,101.0,Median Cost: 101 SEK
Huddinge,398567,2018,91.0,Median Cost: 91 SEK
Botkyrka,398626,2018,81.0,Median Cost: 81 SEK
Salem,398918,2018,98.0,Median Cost: 98 SEK
Haninge,398625,2018,110.0,Median Cost: 110 SEK
Tyresö,398575,2018,93.0,Median Cost: 93 SEK
Upplands-Bro,369474,2018,88.0,Median Cost: 88 SEK
Nykvarn,935473,2018,109.0,Median Cost: 109 SEK
Täby,397194,2018,118.0,Median Cost: 118 SEK
Danderyd,398034,2018,97.0,Median Cost: 97 SEK
Sollentuna,398023,2018,100.0,Median Cost: 100 SEK
Stockholm,398021,2018,108.0,Median Cost: 108 SEK
Södertälje,398919,2018,92.0,Median Cost: 92 SEK
Nacka,398038,2018,109.0,Median Cost: 109 SEK
Sundbyberg,398039,2018,98.0,Median Cost: 98 SEK
Solna,398040,2018,98.0,Median Cost: 98 SEK
Lidingö,398035,2018,102.0,Median Cost: 102 SEK
Vaxholm,398036,2018,111.0,Median Cost: 111 SEK
Norrtälje,397159,2018,107.0,Median Cost: 107 SEK
Sigtuna,397127,2018,102.0,Median Cost: 102 SEK
Nynäshamn,398627,2018,92.0,Median Cost: 92 SEK
Håbo,308558,2018,97.0,Median Cost: 97 SEK
Älvkarleby,289344,2018,82.0,Median Cost: 82 SEK
Knivsta,397128,2018,89.0,Median Cost: 89 SEK
Heby,305452,2018,79.0,Median Cost: 79 SEK
Tierp,305453,2018,86.0,Median Cost: 86 SEK
Uppsala,305455,2018,96.0,Median Cost: 96 SEK
Enköping,308557,2018,87.0,Median Cost: 87 SEK
Östhammar,398892,2018,84.0,Median Cost: 84 SEK
Vingåker,935676,2018,78.0,Median Cost: 78 SEK
Gnesta,935602,2018,87.0,Median Cost: 87 SEK
Nyköping,935516,2018,88.0,Median Cost: 88 SEK
Oxelösund,935524,2018,81.0,Median Cost: 81 SEK
Flen,935683,2018,77.0,Median Cost: 77 SEK
Katrineholm,935400,2018,85.0,Median Cost: 85 SEK
Eskilstuna,935569,2018,86.0,Median Cost: 86 SEK
Strängnäs,398917,2018,87.0,Median Cost: 87 SEK
Trosa,935460,2018,92.0,Median Cost: 92 SEK
Ödeshög,935434,2018,70.0,Median Cost: 70 SEK
Ydre,935618,2018,74.0,Median Cost: 74 SEK
Kinda,935596,2018,76.0,Median Cost: 76 SEK
Boxholm,935594,2018,68.0,Median Cost: 68 SEK
Åtvidaberg,935464,2018,76.0,Median Cost: 76 SEK
Finspång,935444,2018,79.0,Median Cost: 79 SEK
Valdemarsvik,935443,2018,81.0,Median Cost: 81 SEK
Linköping,935467,2018,94.0,Median Cost: 94 SEK
Norrköping,935447,2018,91.0,Median Cost: 91 SEK
Söderköping,935556,2018,85.0,Median Cost: 85 SEK
Motala,935668,2018,78.0,Median Cost: 78 SEK
Vadstena,935553,2018,77.0,Median Cost: 77 SEK
Mjölby,935507,2018,78.0,Median Cost: 78 SEK
Aneby,935684,2018,71.0,Median Cost: 71 SEK
Gnosjö,935543,2018,76.0,Median Cost: 76 SEK
Mullsjö,935634,2018,74.0,Median Cost: 74 SEK
Habo,935405,2018,84.0,Median Cost: 84 SEK
Gislaved,935604,2018,81.0,Median Cost: 81 SEK
Vaggeryd,935581,2018,80.0,Median Cost: 80 SEK
Jönköping,935495,2018,82.0,Median Cost: 82 SEK
Nässjö,935670,2018,77.0,Median Cost: 77 SEK
Värnamo,935439,2018,82.0,Median Cost: 82 SEK
Sävsjö,935481,2018,75.0,Median Cost: 75 SEK
Vetlanda,935454,2018,77.0,Median Cost: 77 SEK
Eksjö,935636,2018,74.0,Median Cost: 74 SEK
Tranås,935570,2018,78.0,Median Cost: 78 SEK
Uppvidinge,935488,2018,72.0,Median Cost: 72 SEK
Lessebo,935521,2018,75.0,Median Cost: 75 SEK
Tingsryd,935578,2018,73.0,Median Cost: 73 SEK
Alvesta,935435,2018,77.0,Median Cost: 77 SEK
Älmhult,935538,2018,74.0,Median Cost: 74 SEK
Markaryd,935621,2018,76.0,Median Cost: 76 SEK
Växjö,935654,2018,79.0,Median Cost: 79 SEK
Ljungby,935542,2018,74.0,Median Cost: 74 SEK
Högsby,935487,2018,72.0,Median Cost: 72 SEK
Torsås,935512,2018,77.0,Median Cost: 77 SEK
Mörbylånga,935518,2018,85.0,Median Cost: 85 SEK
Hultsfred,935677,2018,66.0,Median Cost: 66 SEK
Mönsterås,935575,2018,79.0,Median Cost: 79 SEK
Emmaboda,935598,2018,68.0,Median Cost: 68 SEK
Kalmar,935466,2018,85.0,Median Cost: 85 SEK
Nybro,935475,2018,66.0,Median Cost: 66 SEK
Oskarshamn,935653,2018,81.0,Median Cost: 81 SEK
Västervik,935408,2018,72.0,Median Cost: 72 SEK
Vimmerby,935546,2018,75.0,Median Cost: 75 SEK
Borgholm,935406,2018,81.0,Median Cost: 81 SEK
Gotland,1125739,2018,88.0,Median Cost: 88 SEK
Olofström,935603,2018,69.0,Median Cost: 69 SEK
Karlskrona,935548,2018,92.0,Median Cost: 92 SEK
Ronneby,935527,2018,79.0,Median Cost: 79 SEK
Karlshamn,935522,2018,81.0,Median Cost: 81 SEK
Sölvesborg,935608,2018,67.0,Median Cost: 67 SEK
Svalöv,935403,2018,83.0,Median Cost: 83 SEK
Staffanstorp,935502,2018,100.0,Median Cost: 100 SEK
Burlöv,935642,2018,83.0,Median Cost: 83 SEK
Vellinge,935451,2018,83.0,Median Cost: 83 SEK
Östra Göinge,935535,2018,75.0,Median Cost: 75 SEK
Örkelljunga,935449,2018,76.0,Median Cost: 76 SEK
Bjuv,935478,2018,86.0,Median Cost: 86 SEK
Kävlinge,935625,2018,84.0,Median Cost: 84 SEK
Lomma,935410,2018,91.0,Median Cost: 91 SEK
Svedala,935510,2018,83.0,Median Cost: 83 SEK
Skurup,935437,2018,83.0,Median Cost: 83 SEK
Sjöbo,935525,2018,82.0,Median Cost: 82 SEK
Hörby,935623,2018,86.0,Median Cost: 86 SEK
Höör,935450,2018,95.0,Median Cost: 95 SEK
Tomelilla,935671,2018,79.0,Median Cost: 79 SEK
Bromölla,935659,2018,70.0,Median Cost: 70 SEK
Osby,935492,2018,77.0,Median Cost: 77 SEK
Perstorp,935530,2018,77.0,Median Cost: 77 SEK
Klippan,935658,2018,80.0,Median Cost: 80 SEK
Åstorp,935517,2018,83.0,Median Cost: 83 SEK
Båstad,935399,2018,88.0,Median Cost: 88 SEK
Malmö,935416,2018,100.0,Median Cost: 100 SEK
Lund,935666,2018,92.0,Median Cost: 92 SEK
Landskrona,935414,2018,90.0,Median Cost: 90 SEK
Helsingborg,935560,2018,95.0,Median Cost: 95 SEK
Höganäs,935552,2018,88.0,Median Cost: 88 SEK
Eslöv,935571,2018,87.0,Median Cost: 87 SEK
Ystad,935599,2018,84.0,Median Cost: 84 SEK
Trelleborg,935531,2018,86.0,Median Cost: 86 SEK
Kristianstad,935448,2018,84.0,Median Cost: 84 SEK
Simrishamn,935529,2018,84.0,Median Cost: 84 SEK
Ängelholm,935679,2018,85.0,Median Cost: 85 SEK
Hässleholm,935519,2018,71.0,Median Cost: 71 SEK
Hylte,935407,2018,80.0,Median Cost: 80 SEK
Halmstad,935442,2018,93.0,Median Cost: 93 SEK
Laholm,935662,2018,83.0,Median Cost: 83 SEK
Falkenberg,935411,2018,84.0,Median Cost: 84 SEK
Varberg,935585,2018,79.0,Median Cost: 79 SEK
Kungsbacka,935626,2018,92.0,Median Cost: 92 SEK
Härryda,935649,2018,87.0,Median Cost: 87 SEK
Partille,935656,2018,85.0,Median Cost: 85 SEK
Öckerö,1120170,2018,90.0,Median Cost: 90 SEK
Stenungsund,935503,2018,92.0,Median Cost: 92 SEK
Tjörn,1120171,2018,91.0,Median Cost: 91 SEK
Orust,935532,2018,85.0,Median Cost: 85 SEK
Sotenäs,935430,2018,85.0,Median Cost: 85 SEK
Munkedal,935678,2018,80.0,Median Cost: 80 SEK
Tanum,935640,2018,91.0,Median Cost: 91 SEK
Dals-Ed,935404,2018,78.0,Median Cost: 78 SEK
Färgelanda,935431,2018,76.0,Median Cost: 76 SEK
Ale,935506,2018,83.0,Median Cost: 83 SEK
Lerum,935550,2018,92.0,Median Cost: 92 SEK
Vårgårda,935441,2018,75.0,Median Cost: 75 SEK
Bollebygd,935565,2018,100.0,Median Cost: 100 SEK
Grästorp,935415,2018,66.0,Median Cost: 66 SEK
Essunga,935417,2018,73.0,Median Cost: 73 SEK
Karlsborg,935617,2018,75.0,Median Cost: 75 SEK
Gullspång,935470,2018,68.0,Median Cost: 68 SEK
Tranemo,935584,2018,74.0,Median Cost: 74 SEK
Bengtsfors,935491,2018,72.0,Median Cost: 72 SEK
Mellerud,935622,2018,69.0,Median Cost: 69 SEK
Lilla Edet,935526,2018,83.0,Median Cost: 83 SEK
Mark,935639,2018,82.0,Median Cost: 82 SEK
Svenljunga,935586,2018,82.0,Median Cost: 82 SEK
Herrljunga,935533,2018,69.0,Median Cost: 69 SEK
Vara,935476,2018,72.0,Median Cost: 72 SEK
Götene,935419,2018,77.0,Median Cost: 77 SEK
Tibro,935650,2018,65.0,Median Cost: 65 SEK
Töreboda,935637,2018,69.0,Median Cost: 69 SEK
Göteborg,935611,2018,95.0,Median Cost: 95 SEK
Mölndal,935463,2018,95.0,Median Cost: 95 SEK
Kungälv,935505,2018,86.0,Median Cost: 86 SEK
Lysekil,935549,2018,82.0,Median Cost: 82 SEK
Uddevalla,935644,2018,81.0,Median Cost: 81 SEK
Strömstad,935489,2018,83.0,Median Cost: 83 SEK
Vänersborg,935453,2018,82.0,Median Cost: 82 SEK
Trollhättan,935609,2018,83.0,Median Cost: 83 SEK
Alingsås,935547,2018,82.0,Median Cost: 82 SEK
Borås,935544,2018,87.0,Median Cost: 87 SEK
Ulricehamn,935554,2018,82.0,Median Cost: 82 SEK
Åmål,935601,2018,83.0,Median Cost: 83 SEK
Mariestad,935422,2018,77.0,Median Cost: 77 SEK
Lidköping,935469,2018,77.0,Median Cost: 77 SEK
Skara,935508,2018,0.0,Missing Data
Skövde,935485,2018,82.0,Median Cost: 82 SEK
Hjo,935672,2018,72.0,Median Cost: 72 SEK
Tidaholm,935567,2018,78.0,Median Cost: 78 SEK
Falköping,935600,2018,78.0,Median Cost: 78 SEK
Kil,935606,2018,89.0,Median Cost: 89 SEK
Eda,935657,2018,75.0,Median Cost: 75 SEK
Torsby,935682,2018,76.0,Median Cost: 76 SEK
Storfors,935493,2018,73.0,Median Cost: 73 SEK
Hammarö,1076755,2018,84.0,Median Cost: 84 SEK
Munkfors,935501,2018,69.0,Median Cost: 69 SEK
Forshaga,935539,2018,74.0,Median Cost: 74 SEK
Grums,935612,2018,78.0,Median Cost: 78 SEK
Årjäng,935665,2018,74.0,Median Cost: 74 SEK
Sunne,935627,2018,0.0,Missing Data
Karlstad,935514,2018,87.0,Median Cost: 87 SEK
Kristinehamn,935461,2018,74.0,Median Cost: 74 SEK
Filipstad,935619,2018,78.0,Median Cost: 78 SEK
Hagfors,935638,2018,77.0,Median Cost: 77 SEK
Arvika,935465,2018,84.0,Median Cost: 84 SEK
Säffle,935597,2018,73.0,Median Cost: 73 SEK
Lekeberg,935673,2018,77.0,Median Cost: 77 SEK
Laxå,935605,2018,81.0,Median Cost: 81 SEK
Hallsberg,935572,2018,79.0,Median Cost: 79 SEK
Degerfors,935498,2018,78.0,Median Cost: 78 SEK
Hällefors,935486,2018,84.0,Median Cost: 84 SEK
Ljusnarsberg,935563,2018,80.0,Median Cost: 80 SEK
Örebro,935628,2018,88.0,Median Cost: 88 SEK
Kumla,935494,2018,79.0,Median Cost: 79 SEK
Askersund,935513,2018,72.0,Median Cost: 72 SEK
Karlskoga,935520,2018,88.0,Median Cost: 88 SEK
Nora,935472,2018,79.0,Median Cost: 79 SEK
Lindesberg,935557,2018,84.0,Median Cost: 84 SEK
Skinnskatteberg,935423,2018,77.0,Median Cost: 77 SEK
Surahammar,935426,2018,78.0,Median Cost: 78 SEK
Kungsör,935537,2018,79.0,Median Cost: 79 SEK
Hallstahammar,935590,2018,81.0,Median Cost: 81 SEK
Norberg,307885,2018,0.0,Missing Data
Västerås,935588,2018,92.0,Median Cost: 92 SEK
Sala,369508,2018,82.0,Median Cost: 82 SEK
Fagersta,935504,2018,63.0,Median Cost: 63 SEK
Köping,935409,2018,84.0,Median Cost: 84 SEK
Arboga,935652,2018,78.0,Median Cost: 78 SEK
Vansbro,57891,2018,72.0,Median Cost: 72 SEK
Malung-Sälen,935398,2018,78.0,Median Cost: 78 SEK
Gagnef,307849,2018,77.0,Median Cost: 77 SEK
Leksand,307848,2018,82.0,Median Cost: 82 SEK
Rättvik,300964,2018,72.0,Median Cost: 72 SEK
Orsa,290048,2018,76.0,Median Cost: 76 SEK
Älvdalen,935540,2018,77.0,Median Cost: 77 SEK
Smedjebacken,307884,2018,74.0,Median Cost: 74 SEK
Mora,304100,2018,74.0,Median Cost: 74 SEK
Falun,300963,2018,86.0,Median Cost: 86 SEK
Borlänge,307850,2018,85.0,Median Cost: 85 SEK
Säter,300938,2018,76.0,Median Cost: 76 SEK
Hedemora,300939,2018,81.0,Median Cost: 81 SEK
Avesta,312618,2018,76.0,Median Cost: 76 SEK
Ludvika,57886,2018,82.0,Median Cost: 82 SEK
Ockelbo,278632,2018,80.0,Median Cost: 80 SEK
Hofors,289354,2018,85.0,Median Cost: 85 SEK
Ovanåker,368254,2018,73.0,Median Cost: 73 SEK
Nordanstig,935645,2018,77.0,Median Cost: 77 SEK
Ljusdal,935592,2018,79.0,Median Cost: 79 SEK
Gävle,278620,2018,82.0,Median Cost: 82 SEK
Sandviken,278633,2018,87.0,Median Cost: 87 SEK
Söderhamn,296292,2018,88.0,Median Cost: 88 SEK
Bollnäs,296291,2018,76.0,Median Cost: 76 SEK
Hudiksvall,935648,2018,82.0,Median Cost: 82 SEK
Ånge,935477,2018,72.0,Median Cost: 72 SEK
Timrå,935568,2018,84.0,Median Cost: 84 SEK
Härnösand,935418,2018,77.0,Median Cost: 77 SEK
Sundsvall,935497,2018,86.0,Median Cost: 86 SEK
Kramfors,935445,2018,72.0,Median Cost: 72 SEK
Sollefteå,935624,2018,78.0,Median Cost: 78 SEK
Örnsköldsvik,935455,2018,82.0,Median Cost: 82 SEK
Ragunda,935558,2018,70.0,Median Cost: 70 SEK
Bräcke,935457,2018,70.0,Median Cost: 70 SEK
Krokom,935615,2018,74.0,Median Cost: 74 SEK
Strömsund,935413,2018,72.0,Median Cost: 72 SEK
Åre,935429,2018,90.0,Median Cost: 90 SEK
Berg,935633,2018,72.0,Median Cost: 72 SEK
Härjedalen,935534,2018,81.0,Median Cost: 81 SEK
Östersund,935577,2018,79.0,Median Cost: 79 SEK
Nordmaling,935647,2018,70.0,Median Cost: 70 SEK
Bjurholm,935607,2018,63.0,Median Cost: 63 SEK
Vindeln,935402,2018,69.0,Median Cost: 69 SEK
Robertsfors,935681,2018,68.0,Median Cost: 68 SEK
Norsjö,935593,2018,64.0,Median Cost: 64 SEK
Malå,935500,2018,65.0,Median Cost: 65 SEK
Storuman,935479,2018,65.0,Median Cost: 65 SEK
Sorsele,935655,2018,66.0,Median Cost: 66 SEK
Dorotea,935438,2018,72.0,Median Cost: 72 SEK
Vännäs,935564,2018,73.0,Median Cost: 73 SEK
Vilhelmina,935528,2018,71.0,Median Cost: 71 SEK
Åsele,935432,2018,68.0,Median Cost: 68 SEK
Umeå,935646,2018,88.0,Median Cost: 88 SEK
Lycksele,935428,2018,75.0,Median Cost: 75 SEK
Skellefteå,935576,2018,81.0,Median Cost: 81 SEK
Arvidsjaur,935667,2018,74.0,Median Cost: 74 SEK
Arjeplog,935425,2018,82.0,Median Cost: 82 SEK
Jokkmokk,935630,2018,75.0,Median Cost: 75 SEK
Överkalix,935629,2018,68.0,Median Cost: 68 SEK
Kalix,935474,2018,73.0,Median Cost: 73 SEK
Övertorneå,935620,2018,71.0,Median Cost: 71 SEK
Pajala,935573,2018,73.0,Median Cost: 73 SEK
Gällivare,935446,2018,76.0,Median Cost: 76 SEK
Älvsbyn,935574,2018,68.0,Median Cost: 68 SEK
Luleå,935482,2018,78.0,Median Cost: 78 SEK
Piteå,935490,2018,77.0,Median Cost: 77 SEK
Boden,935421,2018,77.0,Median Cost: 77 SEK
Haparanda,935579,2018,85.0,Median Cost: 85 SEK
Kiruna,935541,2018,80.0,Median Cost: 80 SEK
Upplands Väsby,397187,2019,100.0,Median Cost: 100 SEK
Vallentuna,959462,2019,93.0,Median Cost: 93 SEK
Österåker,398037,2019,100.0,Median Cost: 100 SEK
Värmdö,398649,2019,98.0,Median Cost: 98 SEK
Järfälla,398022,2019,88.0,Median Cost: 88 SEK
Ekerö,398920,2019,105.0,Median Cost: 105 SEK
Huddinge,398567,2019,97.0,Median Cost: 97 SEK
Botkyrka,398626,2019,84.0,Median Cost: 84 SEK
Salem,398918,2019,103.0,Median Cost: 103 SEK
Haninge,398625,2019,110.0,Median Cost: 110 SEK
Tyresö,398575,2019,96.0,Median Cost: 96 SEK
Upplands-Bro,369474,2019,99.0,Median Cost: 99 SEK
Nykvarn,935473,2019,0.0,Missing Data
Täby,397194,2019,127.0,Median Cost: 127 SEK
Danderyd,398034,2019,104.0,Median Cost: 104 SEK
Sollentuna,398023,2019,102.0,Median Cost: 102 SEK
Stockholm,398021,2019,111.0,Median Cost: 111 SEK
Södertälje,398919,2019,97.0,Median Cost: 97 SEK
Nacka,398038,2019,122.0,Median Cost: 122 SEK
Sundbyberg,398039,2019,97.0,Median Cost: 97 SEK
Solna,398040,2019,100.0,Median Cost: 100 SEK
Lidingö,398035,2019,106.0,Median Cost: 106 SEK
Vaxholm,398036,2019,109.0,Median Cost: 109 SEK
Norrtälje,397159,2019,97.0,Median Cost: 97 SEK
Sigtuna,397127,2019,105.0,Median Cost: 105 SEK
Nynäshamn,398627,2019,91.0,Median Cost: 91 SEK
Håbo,308558,2019,98.0,Median Cost: 98 SEK
Älvkarleby,289344,2019,87.0,Median Cost: 87 SEK
Knivsta,397128,2019,100.0,Median Cost: 100 SEK
Heby,305452,2019,83.0,Median Cost: 83 SEK
Tierp,305453,2019,90.0,Median Cost: 90 SEK
Uppsala,305455,2019,107.0,Median Cost: 107 SEK
Enköping,308557,2019,90.0,Median Cost: 90 SEK
Östhammar,398892,2019,88.0,Median Cost: 88 SEK
Vingåker,935676,2019,83.0,Median Cost: 83 SEK
Gnesta,935602,2019,90.0,Median Cost: 90 SEK
Nyköping,935516,2019,88.0,Median Cost: 88 SEK
Oxelösund,935524,2019,85.0,Median Cost: 85 SEK
Flen,935683,2019,77.0,Median Cost: 77 SEK
Katrineholm,935400,2019,85.0,Median Cost: 85 SEK
Eskilstuna,935569,2019,89.0,Median Cost: 89 SEK
Strängnäs,398917,2019,93.0,Median Cost: 93 SEK
Trosa,935460,2019,104.0,Median Cost: 104 SEK
Ödeshög,935434,2019,72.0,Median Cost: 72 SEK
Ydre,935618,2019,77.0,Median Cost: 77 SEK
Kinda,935596,2019,85.0,Median Cost: 85 SEK
Boxholm,935594,2019,72.0,Median Cost: 72 SEK
Åtvidaberg,935464,2019,76.0,Median Cost: 76 SEK
Finspång,935444,2019,79.0,Median Cost: 79 SEK
Valdemarsvik,935443,2019,76.0,Median Cost: 76 SEK
Linköping,935467,2019,94.0,Median Cost: 94 SEK
Norrköping,935447,2019,94.0,Median Cost: 94 SEK
Söderköping,935556,2019,88.0,Median Cost: 88 SEK
Motala,935668,2019,79.0,Median Cost: 79 SEK
Vadstena,935553,2019,79.0,Median Cost: 79 SEK
Mjölby,935507,2019,85.0,Median Cost: 85 SEK
Aneby,935684,2019,74.0,Median Cost: 74 SEK
Gnosjö,935543,2019,77.0,Median Cost: 77 SEK
Mullsjö,935634,2019,77.0,Median Cost: 77 SEK
Habo,935405,2019,85.0,Median Cost: 85 SEK
Gislaved,935604,2019,83.0,Median Cost: 83 SEK
Vaggeryd,935581,2019,79.0,Median Cost: 79 SEK
Jönköping,935495,2019,85.0,Median Cost: 85 SEK
Nässjö,935670,2019,80.0,Median Cost: 80 SEK
Värnamo,935439,2019,82.0,Median Cost: 82 SEK
Sävsjö,935481,2019,74.0,Median Cost: 74 SEK
Vetlanda,935454,2019,80.0,Median Cost: 80 SEK
Eksjö,935636,2019,79.0,Median Cost: 79 SEK
Tranås,935570,2019,82.0,Median Cost: 82 SEK
Uppvidinge,935488,2019,74.0,Median Cost: 74 SEK
Lessebo,935521,2019,77.0,Median Cost: 77 SEK
Tingsryd,935578,2019,0.0,Missing Data
Alvesta,935435,2019,80.0,Median Cost: 80 SEK
Älmhult,935538,2019,73.0,Median Cost: 73 SEK
Markaryd,935621,2019,77.0,Median Cost: 77 SEK
Växjö,935654,2019,85.0,Median Cost: 85 SEK
Ljungby,935542,2019,76.0,Median Cost: 76 SEK
Högsby,935487,2019,71.0,Median Cost: 71 SEK
Torsås,935512,2019,83.0,Median Cost: 83 SEK
Mörbylånga,935518,2019,84.0,Median Cost: 84 SEK
Hultsfred,935677,2019,72.0,Median Cost: 72 SEK
Mönsterås,935575,2019,79.0,Median Cost: 79 SEK
Emmaboda,935598,2019,70.0,Median Cost: 70 SEK
Kalmar,935466,2019,93.0,Median Cost: 93 SEK
Nybro,935475,2019,62.0,Median Cost: 62 SEK
Oskarshamn,935653,2019,81.0,Median Cost: 81 SEK
Västervik,935408,2019,79.0,Median Cost: 79 SEK
Vimmerby,935546,2019,73.0,Median Cost: 73 SEK
Borgholm,935406,2019,86.0,Median Cost: 86 SEK
Gotland,1125739,2019,93.0,Median Cost: 93 SEK
Olofström,935603,2019,72.0,Median Cost: 72 SEK
Karlskrona,935548,2019,91.0,Median Cost: 91 SEK
Ronneby,935527,2019,83.0,Median Cost: 83 SEK
Karlshamn,935522,2019,85.0,Median Cost: 85 SEK
Sölvesborg,935608,2019,78.0,Median Cost: 78 SEK
Svalöv,935403,2019,85.0,Median Cost: 85 SEK
Staffanstorp,935502,2019,100.0,Median Cost: 100 SEK
Burlöv,935642,2019,83.0,Median Cost: 83 SEK
Vellinge,935451,2019,91.0,Median Cost: 91 SEK
Östra Göinge,935535,2019,76.0,Median Cost: 76 SEK
Örkelljunga,935449,2019,78.0,Median Cost: 78 SEK
Bjuv,935478,2019,89.0,Median Cost: 89 SEK
Kävlinge,935625,2019,86.0,Median Cost: 86 SEK
Lomma,935410,2019,96.0,Median Cost: 96 SEK
Svedala,935510,2019,86.0,Median Cost: 86 SEK
Skurup,935437,2019,86.0,Median Cost: 86 SEK
Sjöbo,935525,2019,86.0,Median Cost: 86 SEK
Hörby,935623,2019,90.0,Median Cost: 90 SEK
Höör,935450,2019,91.0,Median Cost: 91 SEK
Tomelilla,935671,2019,78.0,Median Cost: 78 SEK
Bromölla,935659,2019,71.0,Median Cost: 71 SEK
Osby,935492,2019,77.0,Median Cost: 77 SEK
Perstorp,935530,2019,80.0,Median Cost: 80 SEK
Klippan,935658,2019,83.0,Median Cost: 83 SEK
Åstorp,935517,2019,82.0,Median Cost: 82 SEK
Båstad,935399,2019,93.0,Median Cost: 93 SEK
Malmö,935416,2019,102.0,Median Cost: 102 SEK
Lund,935666,2019,96.0,Median Cost: 96 SEK
Landskrona,935414,2019,92.0,Median Cost: 92 SEK
Helsingborg,935560,2019,100.0,Median Cost: 100 SEK
Höganäs,935552,2019,89.0,Median Cost: 89 SEK
Eslöv,935571,2019,91.0,Median Cost: 91 SEK
Ystad,935599,2019,86.0,Median Cost: 86 SEK
Trelleborg,935531,2019,88.0,Median Cost: 88 SEK
Kristianstad,935448,2019,87.0,Median Cost: 87 SEK
Simrishamn,935529,2019,92.0,Median Cost: 92 SEK
Ängelholm,935679,2019,89.0,Median Cost: 89 SEK
Hässleholm,935519,2019,77.0,Median Cost: 77 SEK
Hylte,935407,2019,80.0,Median Cost: 80 SEK
Halmstad,935442,2019,94.0,Median Cost: 94 SEK
Laholm,935662,2019,86.0,Median Cost: 86 SEK
Falkenberg,935411,2019,92.0,Median Cost: 92 SEK
Varberg,935585,2019,83.0,Median Cost: 83 SEK
Kungsbacka,935626,2019,100.0,Median Cost: 100 SEK
Härryda,935649,2019,95.0,Median Cost: 95 SEK
Partille,935656,2019,89.0,Median Cost: 89 SEK
Öckerö,1120170,2019,92.0,Median Cost: 92 SEK
Stenungsund,935503,2019,92.0,Median Cost: 92 SEK
Tjörn,1120171,2019,93.0,Median Cost: 93 SEK
Orust,935532,2019,85.0,Median Cost: 85 SEK
Sotenäs,935430,2019,87.0,Median Cost: 87 SEK
Munkedal,935678,2019,82.0,Median Cost: 82 SEK
Tanum,935640,2019,91.0,Median Cost: 91 SEK
Dals-Ed,935404,2019,81.0,Median Cost: 81 SEK
Färgelanda,935431,2019,76.0,Median Cost: 76 SEK
Ale,935506,2019,83.0,Median Cost: 83 SEK
Lerum,935550,2019,94.0,Median Cost: 94 SEK
Vårgårda,935441,2019,79.0,Median Cost: 79 SEK
Bollebygd,935565,2019,92.0,Median Cost: 92 SEK
Grästorp,935415,2019,73.0,Median Cost: 73 SEK
Essunga,935417,2019,75.0,Median Cost: 75 SEK
Karlsborg,935617,2019,78.0,Median Cost: 78 SEK
Gullspång,935470,2019,67.0,Median Cost: 67 SEK
Tranemo,935584,2019,76.0,Median Cost: 76 SEK
Bengtsfors,935491,2019,75.0,Median Cost: 75 SEK
Mellerud,935622,2019,75.0,Median Cost: 75 SEK
Lilla Edet,935526,2019,85.0,Median Cost: 85 SEK
Mark,935639,2019,86.0,Median Cost: 86 SEK
Svenljunga,935586,2019,78.0,Median Cost: 78 SEK
Herrljunga,935533,2019,72.0,Median Cost: 72 SEK
Vara,935476,2019,76.0,Median Cost: 76 SEK
Götene,935419,2019,79.0,Median Cost: 79 SEK
Tibro,935650,2019,66.0,Median Cost: 66 SEK
Töreboda,935637,2019,78.0,Median Cost: 78 SEK
Göteborg,935611,2019,99.0,Median Cost: 99 SEK
Mölndal,935463,2019,97.0,Median Cost: 97 SEK
Kungälv,935505,2019,89.0,Median Cost: 89 SEK
Lysekil,935549,2019,84.0,Median Cost: 84 SEK
Uddevalla,935644,2019,85.0,Median Cost: 85 SEK
Strömstad,935489,2019,81.0,Median Cost: 81 SEK
Vänersborg,935453,2019,85.0,Median Cost: 85 SEK
Trollhättan,935609,2019,86.0,Median Cost: 86 SEK
Alingsås,935547,2019,84.0,Median Cost: 84 SEK
Borås,935544,2019,91.0,Median Cost: 91 SEK
Ulricehamn,935554,2019,89.0,Median Cost: 89 SEK
Åmål,935601,2019,84.0,Median Cost: 84 SEK
Mariestad,935422,2019,78.0,Median Cost: 78 SEK
Lidköping,935469,2019,81.0,Median Cost: 81 SEK
Skara,935508,2019,75.0,Median Cost: 75 SEK
Skövde,935485,2019,84.0,Median Cost: 84 SEK
Hjo,935672,2019,72.0,Median Cost: 72 SEK
Tidaholm,935567,2019,75.0,Median Cost: 75 SEK
Falköping,935600,2019,81.0,Median Cost: 81 SEK
Kil,935606,2019,84.0,Median Cost: 84 SEK
Eda,935657,2019,77.0,Median Cost: 77 SEK
Torsby,935682,2019,76.0,Median Cost: 76 SEK
Storfors,935493,2019,75.0,Median Cost: 75 SEK
Hammarö,1076755,2019,88.0,Median Cost: 88 SEK
Munkfors,935501,2019,67.0,Median Cost: 67 SEK
Forshaga,935539,2019,76.0,Median Cost: 76 SEK
Grums,935612,2019,81.0,Median Cost: 81 SEK
Årjäng,935665,2019,77.0,Median Cost: 77 SEK
Sunne,935627,2019,83.0,Median Cost: 83 SEK
Karlstad,935514,2019,89.0,Median Cost: 89 SEK
Kristinehamn,935461,2019,0.0,Missing Data
Filipstad,935619,2019,82.0,Median Cost: 82 SEK
Hagfors,935638,2019,75.0,Median Cost: 75 SEK
Arvika,935465,2019,80.0,Median Cost: 80 SEK
Säffle,935597,2019,74.0,Median Cost: 74 SEK
Lekeberg,935673,2019,77.0,Median Cost: 77 SEK
Laxå,935605,2019,84.0,Median Cost: 84 SEK
Hallsberg,935572,2019,80.0,Median Cost: 80 SEK
Degerfors,935498,2019,78.0,Median Cost: 78 SEK
Hällefors,935486,2019,83.0,Median Cost: 83 SEK
Ljusnarsberg,935563,2019,0.0,Missing Data
Örebro,935628,2019,95.0,Median Cost: 95 SEK
Kumla,935494,2019,80.0,Median Cost: 80 SEK
Askersund,935513,2019,79.0,Median Cost: 79 SEK
Karlskoga,935520,2019,87.0,Median Cost: 87 SEK
Nora,935472,2019,81.0,Median Cost: 81 SEK
Lindesberg,935557,2019,83.0,Median Cost: 83 SEK
Skinnskatteberg,935423,2019,0.0,Missing Data
Surahammar,935426,2019,82.0,Median Cost: 82 SEK
Kungsör,935537,2019,81.0,Median Cost: 81 SEK
Hallstahammar,935590,2019,82.0,Median Cost: 82 SEK
Norberg,307885,2019,73.0,Median Cost: 73 SEK
Västerås,935588,2019,93.0,Median Cost: 93 SEK
Sala,369508,2019,79.0,Median Cost: 79 SEK
Fagersta,935504,2019,68.0,Median Cost: 68 SEK
Köping,935409,2019,82.0,Median Cost: 82 SEK
Arboga,935652,2019,79.0,Median Cost: 79 SEK
Vansbro,57891,2019,74.0,Median Cost: 74 SEK
Malung-Sälen,935398,2019,81.0,Median Cost: 81 SEK
Gagnef,307849,2019,80.0,Median Cost: 80 SEK
Leksand,307848,2019,85.0,Median Cost: 85 SEK
Rättvik,300964,2019,72.0,Median Cost: 72 SEK
Orsa,290048,2019,78.0,Median Cost: 78 SEK
Älvdalen,935540,2019,79.0,Median Cost: 79 SEK
Smedjebacken,307884,2019,77.0,Median Cost: 77 SEK
Mora,304100,2019,76.0,Median Cost: 76 SEK
Falun,300963,2019,86.0,Median Cost: 86 SEK
Borlänge,307850,2019,88.0,Median Cost: 88 SEK
Säter,300938,2019,80.0,Median Cost: 80 SEK
Hedemora,300939,2019,84.0,Median Cost: 84 SEK
Avesta,312618,2019,79.0,Median Cost: 79 SEK
Ludvika,57886,2019,83.0,Median Cost: 83 SEK
Ockelbo,278632,2019,83.0,Median Cost: 83 SEK
Hofors,289354,2019,79.0,Median Cost: 79 SEK
Ovanåker,368254,2019,75.0,Median Cost: 75 SEK
Nordanstig,935645,2019,79.0,Median Cost: 79 SEK
Ljusdal,935592,2019,79.0,Median Cost: 79 SEK
Gävle,278620,2019,84.0,Median Cost: 84 SEK
Sandviken,278633,2019,84.0,Median Cost: 84 SEK
Söderhamn,296292,2019,81.0,Median Cost: 81 SEK
Bollnäs,296291,2019,78.0,Median Cost: 78 SEK
Hudiksvall,935648,2019,83.0,Median Cost: 83 SEK
Ånge,935477,2019,76.0,Median Cost: 76 SEK
Timrå,935568,2019,89.0,Median Cost: 89 SEK
Härnösand,935418,2019,77.0,Median Cost: 77 SEK
Sundsvall,935497,2019,89.0,Median Cost: 89 SEK
Kramfors,935445,2019,78.0,Median Cost: 78 SEK
Sollefteå,935624,2019,81.0,Median Cost: 81 SEK
Örnsköldsvik,935455,2019,87.0,Median Cost: 87 SEK
Ragunda,935558,2019,71.0,Median Cost: 71 SEK
Bräcke,935457,2019,73.0,Median Cost: 73 SEK
Krokom,935615,2019,74.0,Median Cost: 74 SEK
Strömsund,935413,2019,72.0,Median Cost: 72 SEK
Åre,935429,2019,94.0,Median Cost: 94 SEK
Berg,935633,2019,72.0,Median Cost: 72 SEK
Härjedalen,935534,2019,83.0,Median Cost: 83 SEK
Östersund,935577,2019,80.0,Median Cost: 80 SEK
Nordmaling,935647,2019,76.0,Median Cost: 76 SEK
Bjurholm,935607,2019,0.0,Missing Data
Vindeln,935402,2019,67.0,Median Cost: 67 SEK
Robertsfors,935681,2019,71.0,Median Cost: 71 SEK
Norsjö,935593,2019,62.0,Median Cost: 62 SEK
Malå,935500,2019,66.0,Median Cost: 66 SEK
Storuman,935479,2019,66.0,Median Cost: 66 SEK
Sorsele,935655,2019,0.0,Missing Data
Dorotea,935438,2019,71.0,Median Cost: 71 SEK
Vännäs,935564,2019,74.0,Median Cost: 74 SEK
Vilhelmina,935528,2019,75.0,Median Cost: 75 SEK
Åsele,935432,2019,69.0,Median Cost: 69 SEK
Umeå,935646,2019,88.0,Median Cost: 88 SEK
Lycksele,935428,2019,74.0,Median Cost: 74 SEK
Skellefteå,935576,2019,80.0,Median Cost: 80 SEK
Arvidsjaur,935667,2019,69.0,Median Cost: 69 SEK
Arjeplog,935425,2019,83.0,Median Cost: 83 SEK
Jokkmokk,935630,2019,76.0,Median Cost: 76 SEK
Överkalix,935629,2019,73.0,Median Cost: 73 SEK
Kalix,935474,2019,72.0,Median Cost: 72 SEK
Övertorneå,935620,2019,72.0,Median Cost: 72 SEK
Pajala,935573,2019,75.0,Median Cost: 75 SEK
Gällivare,935446,2019,77.0,Median Cost: 77 SEK
Älvsbyn,935574,2019,0.0,Missing Data
Luleå,935482,2019,79.0,Median Cost: 79 SEK
Piteå,935490,2019,80.0,Median Cost: 80 SEK
Boden,935421,2019,77.0,Median Cost: 77 SEK
Haparanda,935579,2019,90.0,Median Cost: 90 SEK
Kiruna,935541,2019,81.0,Median Cost: 81 SEK
Upplands Väsby,397187,2020,102.0,Median Cost: 102 SEK
Vallentuna,959462,2020,119.0,Median Cost: 119 SEK
Österåker,398037,2020,106.0,Median Cost: 106 SEK
Värmdö,398649,2020,102.0,Median Cost: 102 SEK
Järfälla,398022,2020,91.0,Median Cost: 91 SEK
Ekerö,398920,2020,106.0,Median Cost: 106 SEK
Huddinge,398567,2020,101.0,Median Cost: 101 SEK
Botkyrka,398626,2020,86.0,Median Cost: 86 SEK
Salem,398918,2020,104.0,Median Cost: 104 SEK
Haninge,398625,2020,108.0,Median Cost: 108 SEK
Tyresö,398575,2020,101.0,Median Cost: 101 SEK
Upplands-Bro,369474,2020,119.0,Median Cost: 119 SEK
Nykvarn,935473,2020,111.0,Median Cost: 111 SEK
Täby,397194,2020,134.0,Median Cost: 134 SEK
Danderyd,398034,2020,105.0,Median Cost: 105 SEK
Sollentuna,398023,2020,104.0,Median Cost: 104 SEK
Stockholm,398021,2020,114.0,Median Cost: 114 SEK
Södertälje,398919,2020,99.0,Median Cost: 99 SEK
Nacka,398038,2020,124.0,Median Cost: 124 SEK
Sundbyberg,398039,2020,103.0,Median Cost: 103 SEK
Solna,398040,2020,116.0,Median Cost: 116 SEK
Lidingö,398035,2020,109.0,Median Cost: 109 SEK
Vaxholm,398036,2020,111.0,Median Cost: 111 SEK
Norrtälje,397159,2020,104.0,Median Cost: 104 SEK
Sigtuna,397127,2020,107.0,Median Cost: 107 SEK
Nynäshamn,398627,2020,91.0,Median Cost: 91 SEK
Håbo,308558,2020,102.0,Median Cost: 102 SEK
Älvkarleby,289344,2020,88.0,Median Cost: 88 SEK
Knivsta,397128,2020,96.0,Median Cost: 96 SEK
Heby,305452,2020,88.0,Median Cost: 88 SEK
Tierp,305453,2020,91.0,Median Cost: 91 SEK
Uppsala,305455,2020,114.0,Median Cost: 114 SEK
Enköping,308557,2020,93.0,Median Cost: 93 SEK
Östhammar,398892,2020,87.0,Median Cost: 87 SEK
Vingåker,935676,2020,85.0,Median Cost: 85 SEK
Gnesta,935602,2020,92.0,Median Cost: 92 SEK
Nyköping,935516,2020,100.0,Median Cost: 100 SEK
Oxelösund,935524,2020,89.0,Median Cost: 89 SEK
Flen,935683,2020,79.0,Median Cost: 79 SEK
Katrineholm,935400,2020,88.0,Median Cost: 88 SEK
Eskilstuna,935569,2020,92.0,Median Cost: 92 SEK
Strängnäs,398917,2020,95.0,Median Cost: 95 SEK
Trosa,935460,2020,109.0,Median Cost: 109 SEK
Ödeshög,935434,2020,73.0,Median Cost: 73 SEK
Ydre,935618,2020,78.0,Median Cost: 78 SEK
Kinda,935596,2020,86.0,Median Cost: 86 SEK
Boxholm,935594,2020,73.0,Median Cost: 73 SEK
Åtvidaberg,935464,2020,79.0,Median Cost: 79 SEK
Finspång,935444,2020,83.0,Median Cost: 83 SEK
Valdemarsvik,935443,2020,78.0,Median Cost: 78 SEK
Linköping,935467,2020,98.0,Median Cost: 98 SEK
Norrköping,935447,2020,98.0,Median Cost: 98 SEK
Söderköping,935556,2020,90.0,Median Cost: 90 SEK
Motala,935668,2020,81.0,Median Cost: 81 SEK
Vadstena,935553,2020,82.0,Median Cost: 82 SEK
Mjölby,935507,2020,87.0,Median Cost: 87 SEK
Aneby,935684,2020,78.0,Median Cost: 78 SEK
Gnosjö,935543,2020,77.0,Median Cost: 77 SEK
Mullsjö,935634,2020,81.0,Median Cost: 81 SEK
Habo,935405,2020,87.0,Median Cost: 87 SEK
Gislaved,935604,2020,83.0,Median Cost: 83 SEK
Vaggeryd,935581,2020,80.0,Median Cost: 80 SEK
Jönköping,935495,2020,89.0,Median Cost: 89 SEK
Nässjö,935670,2020,83.0,Median Cost: 83 SEK
Värnamo,935439,2020,88.0,Median Cost: 88 SEK
Sävsjö,935481,2020,78.0,Median Cost: 78 SEK
Vetlanda,935454,2020,81.0,Median Cost: 81 SEK
Eksjö,935636,2020,81.0,Median Cost: 81 SEK
Tranås,935570,2020,84.0,Median Cost: 84 SEK
Uppvidinge,935488,2020,77.0,Median Cost: 77 SEK
Lessebo,935521,2020,78.0,Median Cost: 78 SEK
Tingsryd,935578,2020,73.0,Median Cost: 73 SEK
Alvesta,935435,2020,86.0,Median Cost: 86 SEK
Älmhult,935538,2020,80.0,Median Cost: 80 SEK
Markaryd,935621,2020,89.0,Median Cost: 89 SEK
Växjö,935654,2020,87.0,Median Cost: 87 SEK
Ljungby,935542,2020,80.0,Median Cost: 80 SEK
Högsby,935487,2020,73.0,Median Cost: 73 SEK
Torsås,935512,2020,85.0,Median Cost: 85 SEK
Mörbylånga,935518,2020,85.0,Median Cost: 85 SEK
Hultsfred,935677,2020,72.0,Median Cost: 72 SEK
Mönsterås,935575,2020,84.0,Median Cost: 84 SEK
Emmaboda,935598,2020,71.0,Median Cost: 71 SEK
Kalmar,935466,2020,97.0,Median Cost: 97 SEK
Nybro,935475,2020,69.0,Median Cost: 69 SEK
Oskarshamn,935653,2020,86.0,Median Cost: 86 SEK
Västervik,935408,2020,76.0,Median Cost: 76 SEK
Vimmerby,935546,2020,77.0,Median Cost: 77 SEK
Borgholm,935406,2020,89.0,Median Cost: 89 SEK
Gotland,1125739,2020,94.0,Median Cost: 94 SEK
Olofström,935603,2020,73.0,Median Cost: 73 SEK
Karlskrona,935548,2020,98.0,Median Cost: 98 SEK
Ronneby,935527,2020,82.0,Median Cost: 82 SEK
Karlshamn,935522,2020,87.0,Median Cost: 87 SEK
Sölvesborg,935608,2020,83.0,Median Cost: 83 SEK
Svalöv,935403,2020,87.0,Median Cost: 87 SEK
Staffanstorp,935502,2020,100.0,Median Cost: 100 SEK
Burlöv,935642,2020,90.0,Median Cost: 90 SEK
Vellinge,935451,2020,94.0,Median Cost: 94 SEK
Östra Göinge,935535,2020,77.0,Median Cost: 77 SEK
Örkelljunga,935449,2020,78.0,Median Cost: 78 SEK
Bjuv,935478,2020,91.0,Median Cost: 91 SEK
Kävlinge,935625,2020,88.0,Median Cost: 88 SEK
Lomma,935410,2020,103.0,Median Cost: 103 SEK
Svedala,935510,2020,86.0,Median Cost: 86 SEK
Skurup,935437,2020,90.0,Median Cost: 90 SEK
Sjöbo,935525,2020,91.0,Median Cost: 91 SEK
Hörby,935623,2020,92.0,Median Cost: 92 SEK
Höör,935450,2020,92.0,Median Cost: 92 SEK
Tomelilla,935671,2020,81.0,Median Cost: 81 SEK
Bromölla,935659,2020,82.0,Median Cost: 82 SEK
Osby,935492,2020,78.0,Median Cost: 78 SEK
Perstorp,935530,2020,82.0,Median Cost: 82 SEK
Klippan,935658,2020,87.0,Median Cost: 87 SEK
Åstorp,935517,2020,86.0,Median Cost: 86 SEK
Båstad,935399,2020,96.0,Median Cost: 96 SEK
Malmö,935416,2020,107.0,Median Cost: 107 SEK
Lund,935666,2020,99.0,Median Cost: 99 SEK
Landskrona,935414,2020,95.0,Median Cost: 95 SEK
Helsingborg,935560,2020,104.0,Median Cost: 104 SEK
Höganäs,935552,2020,90.0,Median Cost: 90 SEK
Eslöv,935571,2020,98.0,Median Cost: 98 SEK
Ystad,935599,2020,89.0,Median Cost: 89 SEK
Trelleborg,935531,2020,88.0,Median Cost: 88 SEK
Kristianstad,935448,2020,89.0,Median Cost: 89 SEK
Simrishamn,935529,2020,93.0,Median Cost: 93 SEK
Ängelholm,935679,2020,91.0,Median Cost: 91 SEK
Hässleholm,935519,2020,81.0,Median Cost: 81 SEK
Hylte,935407,2020,78.0,Median Cost: 78 SEK
Halmstad,935442,2020,98.0,Median Cost: 98 SEK
Laholm,935662,2020,88.0,Median Cost: 88 SEK
Falkenberg,935411,2020,96.0,Median Cost: 96 SEK
Varberg,935585,2020,86.0,Median Cost: 86 SEK
Kungsbacka,935626,2020,101.0,Median Cost: 101 SEK
Härryda,935649,2020,97.0,Median Cost: 97 SEK
Partille,935656,2020,90.0,Median Cost: 90 SEK
Öckerö,1120170,2020,95.0,Median Cost: 95 SEK
Stenungsund,935503,2020,94.0,Median Cost: 94 SEK
Tjörn,1120171,2020,94.0,Median Cost: 94 SEK
Orust,935532,2020,85.0,Median Cost: 85 SEK
Sotenäs,935430,2020,88.0,Median Cost: 88 SEK
Munkedal,935678,2020,86.0,Median Cost: 86 SEK
Tanum,935640,2020,96.0,Median Cost: 96 SEK
Dals-Ed,935404,2020,82.0,Median Cost: 82 SEK
Färgelanda,935431,2020,80.0,Median Cost: 80 SEK
Ale,935506,2020,86.0,Median Cost: 86 SEK
Lerum,935550,2020,99.0,Median Cost: 99 SEK
Vårgårda,935441,2020,81.0,Median Cost: 81 SEK
Bollebygd,935565,2020,94.0,Median Cost: 94 SEK
Grästorp,935415,2020,73.0,Median Cost: 73 SEK
Essunga,935417,2020,77.0,Median Cost: 77 SEK
Karlsborg,935617,2020,79.0,Median Cost: 79 SEK
Gullspång,935470,2020,70.0,Median Cost: 70 SEK
Tranemo,935584,2020,77.0,Median Cost: 77 SEK
Bengtsfors,935491,2020,75.0,Median Cost: 75 SEK
Mellerud,935622,2020,76.0,Median Cost: 76 SEK
Lilla Edet,935526,2020,91.0,Median Cost: 91 SEK
Mark,935639,2020,82.0,Median Cost: 82 SEK
Svenljunga,935586,2020,78.0,Median Cost: 78 SEK
Herrljunga,935533,2020,75.0,Median Cost: 75 SEK
Vara,935476,2020,79.0,Median Cost: 79 SEK
Götene,935419,2020,77.0,Median Cost: 77 SEK
Tibro,935650,2020,69.0,Median Cost: 69 SEK
Töreboda,935637,2020,0.0,Missing Data
Göteborg,935611,2020,101.0,Median Cost: 101 SEK
Mölndal,935463,2020,98.0,Median Cost: 98 SEK
Kungälv,935505,2020,83.0,Median Cost: 83 SEK
Lysekil,935549,2020,85.0,Median Cost: 85 SEK
Uddevalla,935644,2020,86.0,Median Cost: 86 SEK
Strömstad,935489,2020,85.0,Median Cost: 85 SEK
Vänersborg,935453,2020,87.0,Median Cost: 87 SEK
Trollhättan,935609,2020,92.0,Median Cost: 92 SEK
Alingsås,935547,2020,87.0,Median Cost: 87 SEK
Borås,935544,2020,93.0,Median Cost: 93 SEK
Ulricehamn,935554,2020,91.0,Median Cost: 91 SEK
Åmål,935601,2020,85.0,Median Cost: 85 SEK
Mariestad,935422,2020,80.0,Median Cost: 80 SEK
Lidköping,935469,2020,85.0,Median Cost: 85 SEK
Skara,935508,2020,76.0,Median Cost: 76 SEK
Skövde,935485,2020,88.0,Median Cost: 88 SEK
Hjo,935672,2020,75.0,Median Cost: 75 SEK
Tidaholm,935567,2020,75.0,Median Cost: 75 SEK
Falköping,935600,2020,83.0,Median Cost: 83 SEK
Kil,935606,2020,87.0,Median Cost: 87 SEK
Eda,935657,2020,80.0,Median Cost: 80 SEK
Torsby,935682,2020,79.0,Median Cost: 79 SEK
Storfors,935493,2020,76.0,Median Cost: 76 SEK
Hammarö,1076755,2020,91.0,Median Cost: 91 SEK
Munkfors,935501,2020,68.0,Median Cost: 68 SEK
Forshaga,935539,2020,80.0,Median Cost: 80 SEK
Grums,935612,2020,85.0,Median Cost: 85 SEK
Årjäng,935665,2020,78.0,Median Cost: 78 SEK
Sunne,935627,2020,85.0,Median Cost: 85 SEK
Karlstad,935514,2020,91.0,Median Cost: 91 SEK
Kristinehamn,935461,2020,76.0,Median Cost: 76 SEK
Filipstad,935619,2020,82.0,Median Cost: 82 SEK
Hagfors,935638,2020,79.0,Median Cost: 79 SEK
Arvika,935465,2020,81.0,Median Cost: 81 SEK
Säffle,935597,2020,75.0,Median Cost: 75 SEK
Lekeberg,935673,2020,77.0,Median Cost: 77 SEK
Laxå,935605,2020,82.0,Median Cost: 82 SEK
Hallsberg,935572,2020,81.0,Median Cost: 81 SEK
Degerfors,935498,2020,78.0,Median Cost: 78 SEK
Hällefors,935486,2020,85.0,Median Cost: 85 SEK
Ljusnarsberg,935563,2020,83.0,Median Cost: 83 SEK
Örebro,935628,2020,98.0,Median Cost: 98 SEK
Kumla,935494,2020,79.0,Median Cost: 79 SEK
Askersund,935513,2020,81.0,Median Cost: 81 SEK
Karlskoga,935520,2020,87.0,Median Cost: 87 SEK
Nora,935472,2020,82.0,Median Cost: 82 SEK
Lindesberg,935557,2020,78.0,Median Cost: 78 SEK
Skinnskatteberg,935423,2020,83.0,Median Cost: 83 SEK
Surahammar,935426,2020,85.0,Median Cost: 85 SEK
Kungsör,935537,2020,83.0,Median Cost: 83 SEK
Hallstahammar,935590,2020,83.0,Median Cost: 83 SEK
Norberg,307885,2020,73.0,Median Cost: 73 SEK
Västerås,935588,2020,96.0,Median Cost: 96 SEK
Sala,369508,2020,81.0,Median Cost: 81 SEK
Fagersta,935504,2020,74.0,Median Cost: 74 SEK
Köping,935409,2020,83.0,Median Cost: 83 SEK
Arboga,935652,2020,80.0,Median Cost: 80 SEK
Vansbro,57891,2020,77.0,Median Cost: 77 SEK
Malung-Sälen,935398,2020,82.0,Median Cost: 82 SEK
Gagnef,307849,2020,86.0,Median Cost: 86 SEK
Leksand,307848,2020,89.0,Median Cost: 89 SEK
Rättvik,300964,2020,80.0,Median Cost: 80 SEK
Orsa,290048,2020,78.0,Median Cost: 78 SEK
Älvdalen,935540,2020,78.0,Median Cost: 78 SEK
Smedjebacken,307884,2020,79.0,Median Cost: 79 SEK
Mora,304100,2020,77.0,Median Cost: 77 SEK
Falun,300963,2020,90.0,Median Cost: 90 SEK
Borlänge,307850,2020,84.0,Median Cost: 84 SEK
Säter,300938,2020,82.0,Median Cost: 82 SEK
Hedemora,300939,2020,87.0,Median Cost: 87 SEK
Avesta,312618,2020,84.0,Median Cost: 84 SEK
Ludvika,57886,2020,86.0,Median Cost: 86 SEK
Ockelbo,278632,2020,87.0,Median Cost: 87 SEK
Hofors,289354,2020,88.0,Median Cost: 88 SEK
Ovanåker,368254,2020,77.0,Median Cost: 77 SEK
Nordanstig,935645,2020,80.0,Median Cost: 80 SEK
Ljusdal,935592,2020,86.0,Median Cost: 86 SEK
Gävle,278620,2020,87.0,Median Cost: 87 SEK
Sandviken,278633,2020,86.0,Median Cost: 86 SEK
Söderhamn,296292,2020,82.0,Median Cost: 82 SEK
Bollnäs,296291,2020,79.0,Median Cost: 79 SEK
Hudiksvall,935648,2020,86.0,Median Cost: 86 SEK
Ånge,935477,2020,0.0,Missing Data
Timrå,935568,2020,91.0,Median Cost: 91 SEK
Härnösand,935418,2020,82.0,Median Cost: 82 SEK
Sundsvall,935497,2020,88.0,Median Cost: 88 SEK
Kramfors,935445,2020,80.0,Median Cost: 80 SEK
Sollefteå,935624,2020,79.0,Median Cost: 79 SEK
Örnsköldsvik,935455,2020,93.0,Median Cost: 93 SEK
Ragunda,935558,2020,72.0,Median Cost: 72 SEK
Bräcke,935457,2020,75.0,Median Cost: 75 SEK
Krokom,935615,2020,76.0,Median Cost: 76 SEK
Strömsund,935413,2020,74.0,Median Cost: 74 SEK
Åre,935429,2020,95.0,Median Cost: 95 SEK
Berg,935633,2020,73.0,Median Cost: 73 SEK
Härjedalen,935534,2020,84.0,Median Cost: 84 SEK
Östersund,935577,2020,83.0,Median Cost: 83 SEK
Nordmaling,935647,2020,75.0,Median Cost: 75 SEK
Bjurholm,935607,2020,62.0,Median Cost: 62 SEK
Vindeln,935402,2020,71.0,Median Cost: 71 SEK
Robertsfors,935681,2020,73.0,Median Cost: 73 SEK
Norsjö,935593,2020,63.0,Median Cost: 63 SEK
Malå,935500,2020,67.0,Median Cost: 67 SEK
Storuman,935479,2020,68.0,Median Cost: 68 SEK
Sorsele,935655,2020,66.0,Median Cost: 66 SEK
Dorotea,935438,2020,73.0,Median Cost: 73 SEK
Vännäs,935564,2020,76.0,Median Cost: 76 SEK
Vilhelmina,935528,2020,80.0,Median Cost: 80 SEK
Åsele,935432,2020,70.0,Median Cost: 70 SEK
Umeå,935646,2020,90.0,Median Cost: 90 SEK
Lycksele,935428,2020,77.0,Median Cost: 77 SEK
Skellefteå,935576,2020,81.0,Median Cost: 81 SEK
Arvidsjaur,935667,2020,77.0,Median Cost: 77 SEK
Arjeplog,935425,2020,86.0,Median Cost: 86 SEK
Jokkmokk,935630,2020,75.0,Median Cost: 75 SEK
Överkalix,935629,2020,73.0,Median Cost: 73 SEK
Kalix,935474,2020,74.0,Median Cost: 74 SEK
Övertorneå,935620,2020,71.0,Median Cost: 71 SEK
Pajala,935573,2020,77.0,Median Cost: 77 SEK
Gällivare,935446,2020,79.0,Median Cost: 79 SEK
Älvsbyn,935574,2020,82.0,Median Cost: 82 SEK
Luleå,935482,2020,82.0,Median Cost: 82 SEK
Piteå,935490,2020,82.0,Median Cost: 82 SEK
Boden,935421,2020,78.0,Median Cost: 78 SEK
Haparanda,935579,2020,92.0,Median Cost: 92 SEK
Kiruna,935541,2020,84.0,Median Cost: 84 SEK
Upplands Väsby,397187,2021,105.0,Median Cost: 105 SEK
Vallentuna,959462,2021,151.0,Median Cost: 151 SEK
Österåker,398037,2021,107.0,Median Cost: 107 SEK
Värmdö,398649,2021,107.0,Median Cost: 107 SEK
Järfälla,398022,2021,96.0,Median Cost: 96 SEK
Ekerö,398920,2021,117.0,Median Cost: 117 SEK
Huddinge,398567,2021,103.0,Median Cost: 103 SEK
Botkyrka,398626,2021,87.0,Median Cost: 87 SEK
Salem,398918,2021,105.0,Median Cost: 105 SEK
Haninge,398625,2021,113.0,Median Cost: 113 SEK
Tyresö,398575,2021,104.0,Median Cost: 104 SEK
Upplands-Bro,369474,2021,120.0,Median Cost: 120 SEK
Nykvarn,935473,2021,111.0,Median Cost: 111 SEK
Täby,397194,2021,135.0,Median Cost: 135 SEK
Danderyd,398034,2021,119.0,Median Cost: 119 SEK
Sollentuna,398023,2021,105.0,Median Cost: 105 SEK
Stockholm,398021,2021,118.0,Median Cost: 118 SEK
Södertälje,398919,2021,101.0,Median Cost: 101 SEK
Nacka,398038,2021,126.0,Median Cost: 126 SEK
Sundbyberg,398039,2021,108.0,Median Cost: 108 SEK
Solna,398040,2021,116.0,Median Cost: 116 SEK
Lidingö,398035,2021,120.0,Median Cost: 120 SEK
Vaxholm,398036,2021,105.0,Median Cost: 105 SEK
Norrtälje,397159,2021,105.0,Median Cost: 105 SEK
Sigtuna,397127,2021,113.0,Median Cost: 113 SEK
Nynäshamn,398627,2021,92.0,Median Cost: 92 SEK
Håbo,308558,2021,108.0,Median Cost: 108 SEK
Älvkarleby,289344,2021,89.0,Median Cost: 89 SEK
Knivsta,397128,2021,105.0,Median Cost: 105 SEK
Heby,305452,2021,89.0,Median Cost: 89 SEK
Tierp,305453,2021,92.0,Median Cost: 92 SEK
Uppsala,305455,2021,116.0,Median Cost: 116 SEK
Enköping,308557,2021,96.0,Median Cost: 96 SEK
Östhammar,398892,2021,88.0,Median Cost: 88 SEK
Vingåker,935676,2021,87.0,Median Cost: 87 SEK
Gnesta,935602,2021,90.0,Median Cost: 90 SEK
Nyköping,935516,2021,104.0,Median Cost: 104 SEK
Oxelösund,935524,2021,89.0,Median Cost: 89 SEK
Flen,935683,2021,81.0,Median Cost: 81 SEK
Katrineholm,935400,2021,90.0,Median Cost: 90 SEK
Eskilstuna,935569,2021,94.0,Median Cost: 94 SEK
Strängnäs,398917,2021,97.0,Median Cost: 97 SEK
Trosa,935460,2021,114.0,Median Cost: 114 SEK
Ödeshög,935434,2021,74.0,Median Cost: 74 SEK
Ydre,935618,2021,82.0,Median Cost: 82 SEK
Kinda,935596,2021,85.0,Median Cost: 85 SEK
Boxholm,935594,2021,73.0,Median Cost: 73 SEK
Åtvidaberg,935464,2021,80.0,Median Cost: 80 SEK
Finspång,935444,2021,83.0,Median Cost: 83 SEK
Valdemarsvik,935443,2021,79.0,Median Cost: 79 SEK
Linköping,935467,2021,100.0,Median Cost: 100 SEK
Norrköping,935447,2021,102.0,Median Cost: 102 SEK
Söderköping,935556,2021,93.0,Median Cost: 93 SEK
Motala,935668,2021,84.0,Median Cost: 84 SEK
Vadstena,935553,2021,85.0,Median Cost: 85 SEK
Mjölby,935507,2021,84.0,Median Cost: 84 SEK
Aneby,935684,2021,81.0,Median Cost: 81 SEK
Gnosjö,935543,2021,81.0,Median Cost: 81 SEK
Mullsjö,935634,2021,79.0,Median Cost: 79 SEK
Habo,935405,2021,89.0,Median Cost: 89 SEK
Gislaved,935604,2021,87.0,Median Cost: 87 SEK
Vaggeryd,935581,2021,82.0,Median Cost: 82 SEK
Jönköping,935495,2021,88.0,Median Cost: 88 SEK
Nässjö,935670,2021,84.0,Median Cost: 84 SEK
Värnamo,935439,2021,89.0,Median Cost: 89 SEK
Sävsjö,935481,2021,78.0,Median Cost: 78 SEK
Vetlanda,935454,2021,82.0,Median Cost: 82 SEK
Eksjö,935636,2021,81.0,Median Cost: 81 SEK
Tranås,935570,2021,85.0,Median Cost: 85 SEK
Uppvidinge,935488,2021,80.0,Median Cost: 80 SEK
Lessebo,935521,2021,78.0,Median Cost: 78 SEK
Tingsryd,935578,2021,74.0,Median Cost: 74 SEK
Alvesta,935435,2021,87.0,Median Cost: 87 SEK
Älmhult,935538,2021,84.0,Median Cost: 84 SEK
Markaryd,935621,2021,92.0,Median Cost: 92 SEK
Växjö,935654,2021,91.0,Median Cost: 91 SEK
Ljungby,935542,2021,82.0,Median Cost: 82 SEK
Högsby,935487,2021,76.0,Median Cost: 76 SEK
Torsås,935512,2021,87.0,Median Cost: 87 SEK
Mörbylånga,935518,2021,87.0,Median Cost: 87 SEK
Hultsfred,935677,2021,73.0,Median Cost: 73 SEK
Mönsterås,935575,2021,83.0,Median Cost: 83 SEK
Emmaboda,935598,2021,72.0,Median Cost: 72 SEK
Kalmar,935466,2021,97.0,Median Cost: 97 SEK
Nybro,935475,2021,72.0,Median Cost: 72 SEK
Oskarshamn,935653,2021,85.0,Median Cost: 85 SEK
Västervik,935408,2021,80.0,Median Cost: 80 SEK
Vimmerby,935546,2021,79.0,Median Cost: 79 SEK
Borgholm,935406,2021,89.0,Median Cost: 89 SEK
Gotland,1125739,2021,98.0,Median Cost: 98 SEK
Olofström,935603,2021,72.0,Median Cost: 72 SEK
Karlskrona,935548,2021,97.0,Median Cost: 97 SEK
Ronneby,935527,2021,87.0,Median Cost: 87 SEK
Karlshamn,935522,2021,88.0,Median Cost: 88 SEK
Sölvesborg,935608,2021,83.0,Median Cost: 83 SEK
Svalöv,935403,2021,96.0,Median Cost: 96 SEK
Staffanstorp,935502,2021,107.0,Median Cost: 107 SEK
Burlöv,935642,2021,93.0,Median Cost: 93 SEK
Vellinge,935451,2021,102.0,Median Cost: 102 SEK
Östra Göinge,935535,2021,79.0,Median Cost: 79 SEK
Örkelljunga,935449,2021,78.0,Median Cost: 78 SEK
Bjuv,935478,2021,92.0,Median Cost: 92 SEK
Kävlinge,935625,2021,89.0,Median Cost: 89 SEK
Lomma,935410,2021,118.0,Median Cost: 118 SEK
Svedala,935510,2021,85.0,Median Cost: 85 SEK
Skurup,935437,2021,90.0,Median Cost: 90 SEK
Sjöbo,935525,2021,92.0,Median Cost: 92 SEK
Hörby,935623,2021,99.0,Median Cost: 99 SEK
Höör,935450,2021,94.0,Median Cost: 94 SEK
Tomelilla,935671,2021,86.0,Median Cost: 86 SEK
Bromölla,935659,2021,85.0,Median Cost: 85 SEK
Osby,935492,2021,83.0,Median Cost: 83 SEK
Perstorp,935530,2021,85.0,Median Cost: 85 SEK
Klippan,935658,2021,89.0,Median Cost: 89 SEK
Åstorp,935517,2021,96.0,Median Cost: 96 SEK
Båstad,935399,2021,107.0,Median Cost: 107 SEK
Malmö,935416,2021,109.0,Median Cost: 109 SEK
Lund,935666,2021,102.0,Median Cost: 102 SEK
Landskrona,935414,2021,94.0,Median Cost: 94 SEK
Helsingborg,935560,2021,108.0,Median Cost: 108 SEK
Höganäs,935552,2021,87.0,Median Cost: 87 SEK
Eslöv,935571,2021,101.0,Median Cost: 101 SEK
Ystad,935599,2021,92.0,Median Cost: 92 SEK
Trelleborg,935531,2021,95.0,Median Cost: 95 SEK
Kristianstad,935448,2021,91.0,Median Cost: 91 SEK
Simrishamn,935529,2021,93.0,Median Cost: 93 SEK
Ängelholm,935679,2021,94.0,Median Cost: 94 SEK
Hässleholm,935519,2021,84.0,Median Cost: 84 SEK
Hylte,935407,2021,78.0,Median Cost: 78 SEK
Halmstad,935442,2021,101.0,Median Cost: 101 SEK
Laholm,935662,2021,98.0,Median Cost: 98 SEK
Falkenberg,935411,2021,97.0,Median Cost: 97 SEK
Varberg,935585,2021,87.0,Median Cost: 87 SEK
Kungsbacka,935626,2021,101.0,Median Cost: 101 SEK
Härryda,935649,2021,101.0,Median Cost: 101 SEK
Partille,935656,2021,91.0,Median Cost: 91 SEK
Öckerö,1120170,2021,99.0,Median Cost: 99 SEK
Stenungsund,935503,2021,95.0,Median Cost: 95 SEK
Tjörn,1120171,2021,98.0,Median Cost: 98 SEK
Orust,935532,2021,86.0,Median Cost: 86 SEK
Sotenäs,935430,2021,90.0,Median Cost: 90 SEK
Munkedal,935678,2021,88.0,Median Cost: 88 SEK
Tanum,935640,2021,97.0,Median Cost: 97 SEK
Dals-Ed,935404,2021,84.0,Median Cost: 84 SEK
Färgelanda,935431,2021,78.0,Median Cost: 78 SEK
Ale,935506,2021,89.0,Median Cost: 89 SEK
Lerum,935550,2021,106.0,Median Cost: 106 SEK
Vårgårda,935441,2021,83.0,Median Cost: 83 SEK
Bollebygd,935565,2021,96.0,Median Cost: 96 SEK
Grästorp,935415,2021,75.0,Median Cost: 75 SEK
Essunga,935417,2021,81.0,Median Cost: 81 SEK
Karlsborg,935617,2021,82.0,Median Cost: 82 SEK
Gullspång,935470,2021,71.0,Median Cost: 71 SEK
Tranemo,935584,2021,81.0,Median Cost: 81 SEK
Bengtsfors,935491,2021,76.0,Median Cost: 76 SEK
Mellerud,935622,2021,75.0,Median Cost: 75 SEK
Lilla Edet,935526,2021,94.0,Median Cost: 94 SEK
Mark,935639,2021,88.0,Median Cost: 88 SEK
Svenljunga,935586,2021,81.0,Median Cost: 81 SEK
Herrljunga,935533,2021,79.0,Median Cost: 79 SEK
Vara,935476,2021,80.0,Median Cost: 80 SEK
Götene,935419,2021,81.0,Median Cost: 81 SEK
Tibro,935650,2021,76.0,Median Cost: 76 SEK
Töreboda,935637,2021,81.0,Median Cost: 81 SEK
Göteborg,935611,2021,103.0,Median Cost: 103 SEK
Mölndal,935463,2021,102.0,Median Cost: 102 SEK
Kungälv,935505,2021,93.0,Median Cost: 93 SEK
Lysekil,935549,2021,88.0,Median Cost: 88 SEK
Uddevalla,935644,2021,89.0,Median Cost: 89 SEK
Strömstad,935489,2021,86.0,Median Cost: 86 SEK
Vänersborg,935453,2021,89.0,Median Cost: 89 SEK
Trollhättan,935609,2021,95.0,Median Cost: 95 SEK
Alingsås,935547,2021,93.0,Median Cost: 93 SEK
Borås,935544,2021,98.0,Median Cost: 98 SEK
Ulricehamn,935554,2021,92.0,Median Cost: 92 SEK
Åmål,935601,2021,87.0,Median Cost: 87 SEK
Mariestad,935422,2021,82.0,Median Cost: 82 SEK
Lidköping,935469,2021,87.0,Median Cost: 87 SEK
Skara,935508,2021,77.0,Median Cost: 77 SEK
Skövde,935485,2021,86.0,Median Cost: 86 SEK
Hjo,935672,2021,78.0,Median Cost: 78 SEK
Tidaholm,935567,2021,76.0,Median Cost: 76 SEK
Falköping,935600,2021,83.0,Median Cost: 83 SEK
Kil,935606,2021,87.0,Median Cost: 87 SEK
Eda,935657,2021,81.0,Median Cost: 81 SEK
Torsby,935682,2021,80.0,Median Cost: 80 SEK
Storfors,935493,2021,77.0,Median Cost: 77 SEK
Hammarö,1076755,2021,92.0,Median Cost: 92 SEK
Munkfors,935501,2021,72.0,Median Cost: 72 SEK
Forshaga,935539,2021,80.0,Median Cost: 80 SEK
Grums,935612,2021,84.0,Median Cost: 84 SEK
Årjäng,935665,2021,79.0,Median Cost: 79 SEK
Sunne,935627,2021,86.0,Median Cost: 86 SEK
Karlstad,935514,2021,92.0,Median Cost: 92 SEK
Kristinehamn,935461,2021,80.0,Median Cost: 80 SEK
Filipstad,935619,2021,84.0,Median Cost: 84 SEK
Hagfors,935638,2021,80.0,Median Cost: 80 SEK
Arvika,935465,2021,82.0,Median Cost: 82 SEK
Säffle,935597,2021,77.0,Median Cost: 77 SEK
Lekeberg,935673,2021,79.0,Median Cost: 79 SEK
Laxå,935605,2021,83.0,Median Cost: 83 SEK
Hallsberg,935572,2021,84.0,Median Cost: 84 SEK
Degerfors,935498,2021,80.0,Median Cost: 80 SEK
Hällefors,935486,2021,87.0,Median Cost: 87 SEK
Ljusnarsberg,935563,2021,0.0,Missing Data
Örebro,935628,2021,100.0,Median Cost: 100 SEK
Kumla,935494,2021,83.0,Median Cost: 83 SEK
Askersund,935513,2021,82.0,Median Cost: 82 SEK
Karlskoga,935520,2021,89.0,Median Cost: 89 SEK
Nora,935472,2021,85.0,Median Cost: 85 SEK
Lindesberg,935557,2021,79.0,Median Cost: 79 SEK
Skinnskatteberg,935423,2021,85.0,Median Cost: 85 SEK
Surahammar,935426,2021,86.0,Median Cost: 86 SEK
Kungsör,935537,2021,84.0,Median Cost: 84 SEK
Hallstahammar,935590,2021,89.0,Median Cost: 89 SEK
Norberg,307885,2021,78.0,Median Cost: 78 SEK
Västerås,935588,2021,99.0,Median Cost: 99 SEK
Sala,369508,2021,82.0,Median Cost: 82 SEK
Fagersta,935504,2021,80.0,Median Cost: 80 SEK
Köping,935409,2021,85.0,Median Cost: 85 SEK
Arboga,935652,2021,80.0,Median Cost: 80 SEK
Vansbro,57891,2021,76.0,Median Cost: 76 SEK
Malung-Sälen,935398,2021,83.0,Median Cost: 83 SEK
Gagnef,307849,2021,87.0,Median Cost: 87 SEK
Leksand,307848,2021,90.0,Median Cost: 90 SEK
Rättvik,300964,2021,80.0,Median Cost: 80 SEK
Orsa,290048,2021,81.0,Median Cost: 81 SEK
Älvdalen,935540,2021,79.0,Median Cost: 79 SEK
Smedjebacken,307884,2021,81.0,Median Cost: 81 SEK
Mora,304100,2021,78.0,Median Cost: 78 SEK
Falun,300963,2021,92.0,Median Cost: 92 SEK
Borlänge,307850,2021,85.0,Median Cost: 85 SEK
Säter,300938,2021,83.0,Median Cost: 83 SEK
Hedemora,300939,2021,88.0,Median Cost: 88 SEK
Avesta,312618,2021,87.0,Median Cost: 87 SEK
Ludvika,57886,2021,86.0,Median Cost: 86 SEK
Ockelbo,278632,2021,87.0,Median Cost: 87 SEK
Hofors,289354,2021,90.0,Median Cost: 90 SEK
Ovanåker,368254,2021,79.0,Median Cost: 79 SEK
Nordanstig,935645,2021,81.0,Median Cost: 81 SEK
Ljusdal,935592,2021,87.0,Median Cost: 87 SEK
Gävle,278620,2021,89.0,Median Cost: 89 SEK
Sandviken,278633,2021,91.0,Median Cost: 91 SEK
Söderhamn,296292,2021,85.0,Median Cost: 85 SEK
Bollnäs,296291,2021,81.0,Median Cost: 81 SEK
Hudiksvall,935648,2021,84.0,Median Cost: 84 SEK
Ånge,935477,2021,78.0,Median Cost: 78 SEK
Timrå,935568,2021,89.0,Median Cost: 89 SEK
Härnösand,935418,2021,84.0,Median Cost: 84 SEK
Sundsvall,935497,2021,93.0,Median Cost: 93 SEK
Kramfors,935445,2021,78.0,Median Cost: 78 SEK
Sollefteå,935624,2021,83.0,Median Cost: 83 SEK
Örnsköldsvik,935455,2021,95.0,Median Cost: 95 SEK
Ragunda,935558,2021,0.0,Missing Data
Bräcke,935457,2021,75.0,Median Cost: 75 SEK
Krokom,935615,2021,77.0,Median Cost: 77 SEK
Strömsund,935413,2021,75.0,Median Cost: 75 SEK
Åre,935429,2021,95.0,Median Cost: 95 SEK
Berg,935633,2021,75.0,Median Cost: 75 SEK
Härjedalen,935534,2021,85.0,Median Cost: 85 SEK
Östersund,935577,2021,85.0,Median Cost: 85 SEK
Nordmaling,935647,2021,76.0,Median Cost: 76 SEK
Bjurholm,935607,2021,65.0,Median Cost: 65 SEK
Vindeln,935402,2021,69.0,Median Cost: 69 SEK
Robertsfors,935681,2021,76.0,Median Cost: 76 SEK
Norsjö,935593,2021,64.0,Median Cost: 64 SEK
Malå,935500,2021,70.0,Median Cost: 70 SEK
Storuman,935479,2021,68.0,Median Cost: 68 SEK
Sorsele,935655,2021,68.0,Median Cost: 68 SEK
Dorotea,935438,2021,76.0,Median Cost: 76 SEK
Vännäs,935564,2021,75.0,Median Cost: 75 SEK
Vilhelmina,935528,2021,77.0,Median Cost: 77 SEK
Åsele,935432,2021,71.0,Median Cost: 71 SEK
Umeå,935646,2021,93.0,Median Cost: 93 SEK
Lycksele,935428,2021,77.0,Median Cost: 77 SEK
Skellefteå,935576,2021,82.0,Median Cost: 82 SEK
Arvidsjaur,935667,2021,76.0,Median Cost: 76 SEK
Arjeplog,935425,2021,85.0,Median Cost: 85 SEK
Jokkmokk,935630,2021,78.0,Median Cost: 78 SEK
Överkalix,935629,2021,76.0,Median Cost: 76 SEK
Kalix,935474,2021,78.0,Median Cost: 78 SEK
Övertorneå,935620,2021,73.0,Median Cost: 73 SEK
Pajala,935573,2021,77.0,Median Cost: 77 SEK
Gällivare,935446,2021,82.0,Median Cost: 82 SEK
Älvsbyn,935574,2021,72.0,Median Cost: 72 SEK
Luleå,935482,2021,83.0,Median Cost: 83 SEK
Piteå,935490,2021,86.0,Median Cost: 86 SEK
Boden,935421,2021,81.0,Median Cost: 81 SEK
Haparanda,935579,2021,93.0,Median Cost: 93 SEK
Kiruna,935541,2021,90.0,Median Cost: 90 SEK
Upplands Väsby,397187,2022,109.0,Median Cost: 109 SEK
Vallentuna,959462,2022,161.0,Median Cost: 161 SEK
Österåker,398037,2022,119.0,Median Cost: 119 SEK
Värmdö,398649,2022,119.0,Median Cost: 119 SEK
Järfälla,398022,2022,98.0,Median Cost: 98 SEK
Ekerö,398920,2022,118.0,Median Cost: 118 SEK
Huddinge,398567,2022,105.0,Median Cost: 105 SEK
Botkyrka,398626,2022,90.0,Median Cost: 90 SEK
Salem,398918,2022,110.0,Median Cost: 110 SEK
Haninge,398625,2022,117.0,Median Cost: 117 SEK
Tyresö,398575,2022,105.0,Median Cost: 105 SEK
Upplands-Bro,369474,2022,126.0,Median Cost: 126 SEK
Nykvarn,935473,2022,111.0,Median Cost: 111 SEK
Täby,397194,2022,163.0,Median Cost: 163 SEK
Danderyd,398034,2022,125.0,Median Cost: 125 SEK
Sollentuna,398023,2022,107.0,Median Cost: 107 SEK
Stockholm,398021,2022,121.0,Median Cost: 121 SEK
Södertälje,398919,2022,105.0,Median Cost: 105 SEK
Nacka,398038,2022,132.0,Median Cost: 132 SEK
Sundbyberg,398039,2022,107.0,Median Cost: 107 SEK
Solna,398040,2022,120.0,Median Cost: 120 SEK
Lidingö,398035,2022,122.0,Median Cost: 122 SEK
Vaxholm,398036,2022,117.0,Median Cost: 117 SEK
Norrtälje,397159,2022,108.0,Median Cost: 108 SEK
Sigtuna,397127,2022,117.0,Median Cost: 117 SEK
Nynäshamn,398627,2022,114.0,Median Cost: 114 SEK
Håbo,308558,2022,108.0,Median Cost: 108 SEK
Älvkarleby,289344,2022,91.0,Median Cost: 91 SEK
Knivsta,397128,2022,114.0,Median Cost: 114 SEK
Heby,305452,2022,87.0,Median Cost: 87 SEK
Tierp,305453,2022,95.0,Median Cost: 95 SEK
Uppsala,305455,2022,121.0,Median Cost: 121 SEK
Enköping,308557,2022,103.0,Median Cost: 103 SEK
Östhammar,398892,2022,88.0,Median Cost: 88 SEK
Vingåker,935676,2022,88.0,Median Cost: 88 SEK
Gnesta,935602,2022,93.0,Median Cost: 93 SEK
Nyköping,935516,2022,107.0,Median Cost: 107 SEK
Oxelösund,935524,2022,89.0,Median Cost: 89 SEK
Flen,935683,2022,84.0,Median Cost: 84 SEK
Katrineholm,935400,2022,93.0,Median Cost: 93 SEK
Eskilstuna,935569,2022,100.0,Median Cost: 100 SEK
Strängnäs,398917,2022,100.0,Median Cost: 100 SEK
Trosa,935460,2022,118.0,Median Cost: 118 SEK
Ödeshög,935434,2022,76.0,Median Cost: 76 SEK
Ydre,935618,2022,86.0,Median Cost: 86 SEK
Kinda,935596,2022,87.0,Median Cost: 87 SEK
Boxholm,935594,2022,75.0,Median Cost: 75 SEK
Åtvidaberg,935464,2022,84.0,Median Cost: 84 SEK
Finspång,935444,2022,86.0,Median Cost: 86 SEK
Valdemarsvik,935443,2022,80.0,Median Cost: 80 SEK
Linköping,935467,2022,104.0,Median Cost: 104 SEK
Norrköping,935447,2022,104.0,Median Cost: 104 SEK
Söderköping,935556,2022,99.0,Median Cost: 99 SEK
Motala,935668,2022,85.0,Median Cost: 85 SEK
Vadstena,935553,2022,87.0,Median Cost: 87 SEK
Mjölby,935507,2022,89.0,Median Cost: 89 SEK
Aneby,935684,2022,86.0,Median Cost: 86 SEK
Gnosjö,935543,2022,80.0,Median Cost: 80 SEK
Mullsjö,935634,2022,83.0,Median Cost: 83 SEK
Habo,935405,2022,90.0,Median Cost: 90 SEK
Gislaved,935604,2022,90.0,Median Cost: 90 SEK
Vaggeryd,935581,2022,87.0,Median Cost: 87 SEK
Jönköping,935495,2022,90.0,Median Cost: 90 SEK
Nässjö,935670,2022,85.0,Median Cost: 85 SEK
Värnamo,935439,2022,95.0,Median Cost: 95 SEK
Sävsjö,935481,2022,84.0,Median Cost: 84 SEK
Vetlanda,935454,2022,85.0,Median Cost: 85 SEK
Eksjö,935636,2022,82.0,Median Cost: 82 SEK
Tranås,935570,2022,88.0,Median Cost: 88 SEK
Uppvidinge,935488,2022,81.0,Median Cost: 81 SEK
Lessebo,935521,2022,80.0,Median Cost: 80 SEK
Tingsryd,935578,2022,76.0,Median Cost: 76 SEK
Alvesta,935435,2022,89.0,Median Cost: 89 SEK
Älmhult,935538,2022,86.0,Median Cost: 86 SEK
Markaryd,935621,2022,94.0,Median Cost: 94 SEK
Växjö,935654,2022,92.0,Median Cost: 92 SEK
Ljungby,935542,2022,84.0,Median Cost: 84 SEK
Högsby,935487,2022,76.0,Median Cost: 76 SEK
Torsås,935512,2022,88.0,Median Cost: 88 SEK
Mörbylånga,935518,2022,90.0,Median Cost: 90 SEK
Hultsfred,935677,2022,74.0,Median Cost: 74 SEK
Mönsterås,935575,2022,87.0,Median Cost: 87 SEK
Emmaboda,935598,2022,76.0,Median Cost: 76 SEK
Kalmar,935466,2022,102.0,Median Cost: 102 SEK
Nybro,935475,2022,73.0,Median Cost: 73 SEK
Oskarshamn,935653,2022,87.0,Median Cost: 87 SEK
Västervik,935408,2022,82.0,Median Cost: 82 SEK
Vimmerby,935546,2022,81.0,Median Cost: 81 SEK
Borgholm,935406,2022,90.0,Median Cost: 90 SEK
Gotland,1125739,2022,99.0,Median Cost: 99 SEK
Olofström,935603,2022,73.0,Median Cost: 73 SEK
Karlskrona,935548,2022,97.0,Median Cost: 97 SEK
Ronneby,935527,2022,89.0,Median Cost: 89 SEK
Karlshamn,935522,2022,89.0,Median Cost: 89 SEK
Sölvesborg,935608,2022,84.0,Median Cost: 84 SEK
Svalöv,935403,2022,97.0,Median Cost: 97 SEK
Staffanstorp,935502,2022,106.0,Median Cost: 106 SEK
Burlöv,935642,2022,95.0,Median Cost: 95 SEK
Vellinge,935451,2022,106.0,Median Cost: 106 SEK
Östra Göinge,935535,2022,81.0,Median Cost: 81 SEK
Örkelljunga,935449,2022,80.0,Median Cost: 80 SEK
Bjuv,935478,2022,90.0,Median Cost: 90 SEK
Kävlinge,935625,2022,94.0,Median Cost: 94 SEK
Lomma,935410,2022,119.0,Median Cost: 119 SEK
Svedala,935510,2022,96.0,Median Cost: 96 SEK
Skurup,935437,2022,94.0,Median Cost: 94 SEK
Sjöbo,935525,2022,90.0,Median Cost: 90 SEK
Hörby,935623,2022,101.0,Median Cost: 101 SEK
Höör,935450,2022,95.0,Median Cost: 95 SEK
Tomelilla,935671,2022,88.0,Median Cost: 88 SEK
Bromölla,935659,2022,81.0,Median Cost: 81 SEK
Osby,935492,2022,81.0,Median Cost: 81 SEK
Perstorp,935530,2022,89.0,Median Cost: 89 SEK
Klippan,935658,2022,91.0,Median Cost: 91 SEK
Åstorp,935517,2022,97.0,Median Cost: 97 SEK
Båstad,935399,2022,99.0,Median Cost: 99 SEK
Malmö,935416,2022,116.0,Median Cost: 116 SEK
Lund,935666,2022,105.0,Median Cost: 105 SEK
Landskrona,935414,2022,93.0,Median Cost: 93 SEK
Helsingborg,935560,2022,111.0,Median Cost: 111 SEK
Höganäs,935552,2022,94.0,Median Cost: 94 SEK
Eslöv,935571,2022,107.0,Median Cost: 107 SEK
Ystad,935599,2022,100.0,Median Cost: 100 SEK
Trelleborg,935531,2022,100.0,Median Cost: 100 SEK
Kristianstad,935448,2022,93.0,Median Cost: 93 SEK
Simrishamn,935529,2022,96.0,Median Cost: 96 SEK
Ängelholm,935679,2022,97.0,Median Cost: 97 SEK
Hässleholm,935519,2022,84.0,Median Cost: 84 SEK
Hylte,935407,2022,81.0,Median Cost: 81 SEK
Halmstad,935442,2022,106.0,Median Cost: 106 SEK
Laholm,935662,2022,99.0,Median Cost: 99 SEK
Falkenberg,935411,2022,98.0,Median Cost: 98 SEK
Varberg,935585,2022,94.0,Median Cost: 94 SEK
Kungsbacka,935626,2022,103.0,Median Cost: 103 SEK
Härryda,935649,2022,105.0,Median Cost: 105 SEK
Partille,935656,2022,92.0,Median Cost: 92 SEK
Öckerö,1120170,2022,106.0,Median Cost: 106 SEK
Stenungsund,935503,2022,102.0,Median Cost: 102 SEK
Tjörn,1120171,2022,98.0,Median Cost: 98 SEK
Orust,935532,2022,88.0,Median Cost: 88 SEK
Sotenäs,935430,2022,93.0,Median Cost: 93 SEK
Munkedal,935678,2022,0.0,Missing Data
Tanum,935640,2022,99.0,Median Cost: 99 SEK
Dals-Ed,935404,2022,85.0,Median Cost: 85 SEK
Färgelanda,935431,2022,80.0,Median Cost: 80 SEK
Ale,935506,2022,96.0,Median Cost: 96 SEK
Lerum,935550,2022,105.0,Median Cost: 105 SEK
Vårgårda,935441,2022,87.0,Median Cost: 87 SEK
Bollebygd,935565,2022,100.0,Median Cost: 100 SEK
Grästorp,935415,2022,78.0,Median Cost: 78 SEK
Essunga,935417,2022,81.0,Median Cost: 81 SEK
Karlsborg,935617,2022,83.0,Median Cost: 83 SEK
Gullspång,935470,2022,73.0,Median Cost: 73 SEK
Tranemo,935584,2022,83.0,Median Cost: 83 SEK
Bengtsfors,935491,2022,78.0,Median Cost: 78 SEK
Mellerud,935622,2022,78.0,Median Cost: 78 SEK
Lilla Edet,935526,2022,95.0,Median Cost: 95 SEK
Mark,935639,2022,90.0,Median Cost: 90 SEK
Svenljunga,935586,2022,84.0,Median Cost: 84 SEK
Herrljunga,935533,2022,81.0,Median Cost: 81 SEK
Vara,935476,2022,79.0,Median Cost: 79 SEK
Götene,935419,2022,84.0,Median Cost: 84 SEK
Tibro,935650,2022,77.0,Median Cost: 77 SEK
Töreboda,935637,2022,83.0,Median Cost: 83 SEK
Göteborg,935611,2022,106.0,Median Cost: 106 SEK
Mölndal,935463,2022,104.0,Median Cost: 104 SEK
Kungälv,935505,2022,96.0,Median Cost: 96 SEK
Lysekil,935549,2022,90.0,Median Cost: 90 SEK
Uddevalla,935644,2022,89.0,Median Cost: 89 SEK
Strömstad,935489,2022,89.0,Median Cost: 89 SEK
Vänersborg,935453,2022,90.0,Median Cost: 90 SEK
Trollhättan,935609,2022,95.0,Median Cost: 95 SEK
Alingsås,935547,2022,92.0,Median Cost: 92 SEK
Borås,935544,2022,102.0,Median Cost: 102 SEK
Ulricehamn,935554,2022,94.0,Median Cost: 94 SEK
Åmål,935601,2022,87.0,Median Cost: 87 SEK
Mariestad,935422,2022,83.0,Median Cost: 83 SEK
Lidköping,935469,2022,89.0,Median Cost: 89 SEK
Skara,935508,2022,79.0,Median Cost: 79 SEK
Skövde,935485,2022,92.0,Median Cost: 92 SEK
Hjo,935672,2022,80.0,Median Cost: 80 SEK
Tidaholm,935567,2022,79.0,Median Cost: 79 SEK
Falköping,935600,2022,84.0,Median Cost: 84 SEK
Kil,935606,2022,86.0,Median Cost: 86 SEK
Eda,935657,2022,82.0,Median Cost: 82 SEK
Torsby,935682,2022,84.0,Median Cost: 84 SEK
Storfors,935493,2022,81.0,Median Cost: 81 SEK
Hammarö,1076755,2022,96.0,Median Cost: 96 SEK
Munkfors,935501,2022,73.0,Median Cost: 73 SEK
Forshaga,935539,2022,79.0,Median Cost: 79 SEK
Grums,935612,2022,87.0,Median Cost: 87 SEK
Årjäng,935665,2022,81.0,Median Cost: 81 SEK
Sunne,935627,2022,90.0,Median Cost: 90 SEK
Karlstad,935514,2022,95.0,Median Cost: 95 SEK
Kristinehamn,935461,2022,81.0,Median Cost: 81 SEK
Filipstad,935619,2022,85.0,Median Cost: 85 SEK
Hagfors,935638,2022,80.0,Median Cost: 80 SEK
Arvika,935465,2022,82.0,Median Cost: 82 SEK
Säffle,935597,2022,81.0,Median Cost: 81 SEK
Lekeberg,935673,2022,82.0,Median Cost: 82 SEK
Laxå,935605,2022,85.0,Median Cost: 85 SEK
Hallsberg,935572,2022,88.0,Median Cost: 88 SEK
Degerfors,935498,2022,83.0,Median Cost: 83 SEK
Hällefors,935486,2022,88.0,Median Cost: 88 SEK
Ljusnarsberg,935563,2022,80.0,Median Cost: 80 SEK
Örebro,935628,2022,102.0,Median Cost: 102 SEK
Kumla,935494,2022,85.0,Median Cost: 85 SEK
Askersund,935513,2022,82.0,Median Cost: 82 SEK
Karlskoga,935520,2022,89.0,Median Cost: 89 SEK
Nora,935472,2022,88.0,Median Cost: 88 SEK
Lindesberg,935557,2022,82.0,Median Cost: 82 SEK
Skinnskatteberg,935423,2022,85.0,Median Cost: 85 SEK
Surahammar,935426,2022,88.0,Median Cost: 88 SEK
Kungsör,935537,2022,85.0,Median Cost: 85 SEK
Hallstahammar,935590,2022,92.0,Median Cost: 92 SEK
Norberg,307885,2022,79.0,Median Cost: 79 SEK
Västerås,935588,2022,104.0,Median Cost: 104 SEK
Sala,369508,2022,86.0,Median Cost: 86 SEK
Fagersta,935504,2022,88.0,Median Cost: 88 SEK
Köping,935409,2022,86.0,Median Cost: 86 SEK
Arboga,935652,2022,83.0,Median Cost: 83 SEK
Vansbro,57891,2022,78.0,Median Cost: 78 SEK
Malung-Sälen,935398,2022,85.0,Median Cost: 85 SEK
Gagnef,307849,2022,90.0,Median Cost: 90 SEK
Leksand,307848,2022,91.0,Median Cost: 91 SEK
Rättvik,300964,2022,82.0,Median Cost: 82 SEK
Orsa,290048,2022,82.0,Median Cost: 82 SEK
Älvdalen,935540,2022,81.0,Median Cost: 81 SEK
Smedjebacken,307884,2022,84.0,Median Cost: 84 SEK
Mora,304100,2022,80.0,Median Cost: 80 SEK
Falun,300963,2022,94.0,Median Cost: 94 SEK
Borlänge,307850,2022,90.0,Median Cost: 90 SEK
Säter,300938,2022,85.0,Median Cost: 85 SEK
Hedemora,300939,2022,91.0,Median Cost: 91 SEK
Avesta,312618,2022,88.0,Median Cost: 88 SEK
Ludvika,57886,2022,88.0,Median Cost: 88 SEK
Ockelbo,278632,2022,78.0,Median Cost: 78 SEK
Hofors,289354,2022,91.0,Median Cost: 91 SEK
Ovanåker,368254,2022,82.0,Median Cost: 82 SEK
Nordanstig,935645,2022,83.0,Median Cost: 83 SEK
Ljusdal,935592,2022,87.0,Median Cost: 87 SEK
Gävle,278620,2022,91.0,Median Cost: 91 SEK
Sandviken,278633,2022,94.0,Median Cost: 94 SEK
Söderhamn,296292,2022,87.0,Median Cost: 87 SEK
Bollnäs,296291,2022,82.0,Median Cost: 82 SEK
Hudiksvall,935648,2022,87.0,Median Cost: 87 SEK
Ånge,935477,2022,83.0,Median Cost: 83 SEK
Timrå,935568,2022,95.0,Median Cost: 95 SEK
Härnösand,935418,2022,85.0,Median Cost: 85 SEK
Sundsvall,935497,2022,93.0,Median Cost: 93 SEK
Kramfors,935445,2022,82.0,Median Cost: 82 SEK
Sollefteå,935624,2022,87.0,Median Cost: 87 SEK
Örnsköldsvik,935455,2022,96.0,Median Cost: 96 SEK
Ragunda,935558,2022,73.0,Median Cost: 73 SEK
Bräcke,935457,2022,77.0,Median Cost: 77 SEK
Krokom,935615,2022,78.0,Median Cost: 78 SEK
Strömsund,935413,2022,78.0,Median Cost: 78 SEK
Åre,935429,2022,98.0,Median Cost: 98 SEK
Berg,935633,2022,76.0,Median Cost: 76 SEK
Härjedalen,935534,2022,88.0,Median Cost: 88 SEK
Östersund,935577,2022,86.0,Median Cost: 86 SEK
Nordmaling,935647,2022,77.0,Median Cost: 77 SEK
Bjurholm,935607,2022,60.0,Median Cost: 60 SEK
Vindeln,935402,2022,73.0,Median Cost: 73 SEK
Robertsfors,935681,2022,78.0,Median Cost: 78 SEK
Norsjö,935593,2022,64.0,Median Cost: 64 SEK
Malå,935500,2022,72.0,Median Cost: 72 SEK
Storuman,935479,2022,70.0,Median Cost: 70 SEK
Sorsele,935655,2022,72.0,Median Cost: 72 SEK
Dorotea,935438,2022,76.0,Median Cost: 76 SEK
Vännäs,935564,2022,82.0,Median Cost: 82 SEK
Vilhelmina,935528,2022,77.0,Median Cost: 77 SEK
Åsele,935432,2022,73.0,Median Cost: 73 SEK
Umeå,935646,2022,95.0,Median Cost: 95 SEK
Lycksele,935428,2022,79.0,Median Cost: 79 SEK
Skellefteå,935576,2022,84.0,Median Cost: 84 SEK
Arvidsjaur,935667,2022,77.0,Median Cost: 77 SEK
Arjeplog,935425,2022,87.0,Median Cost: 87 SEK
Jokkmokk,935630,2022,79.0,Median Cost: 79 SEK
Överkalix,935629,2022,77.0,Median Cost: 77 SEK
Kalix,935474,2022,82.0,Median Cost: 82 SEK
Övertorneå,935620,2022,74.0,Median Cost: 74 SEK
Pajala,935573,2022,80.0,Median Cost: 80 SEK
Gällivare,935446,2022,81.0,Median Cost: 81 SEK
Älvsbyn,935574,2022,76.0,Median Cost: 76 SEK
Luleå,935482,2022,85.0,Median Cost: 85 SEK
Piteå,935490,2022,88.0,Median Cost: 88 SEK
Boden,935421,2022,84.0,Median Cost: 84 SEK
Haparanda,935579,2022,95.0,Median Cost: 95 SEK
Kiruna,935541,2022,87.0,Median Cost: 87 SEK
